[
    {
      "id": 7001,
      "name": "Unsweetened Almond Milk",
      "categoryId": 7000,
      "energy": 15,
      "fat": 0.96,
      "saturatedFat": 0.08,
      "monounsaturatedFat": 0.59,
      "polyunsaturatedFat": 0.24,
      "carbs": 1.31,
      "sugar": 0.81,
      "fiber": 0.2,
      "protein": 0.4,
      "sodium": 72,
      "cholesterol": 0,
      "vitaminA": 0,
      "vitaminB1": 0,
      "vitaminB2": 0.01,
      "vitaminB3": 0.07,
      "vitaminB5": 0.01,
      "vitaminB6": 0,
      "vitaminB9": 1,
      "vitaminB12": 0,
      "vitaminC": 0,
      "vitaminD": 1,
      "vitaminE": 6.33,
      "vitaminK": 0,
      "magnesium": 6,
      "calcium": 184,
      "phosphorus": 9,
      "potassium": 67,
      "iron": 0.28,
      "selenium": 0.1,
      "zinc": 0.06,
      "manganese": 0.04,
      "copper": 0.02,
      "choline": 3.1,
      "volume": {
        "portionId": "cups",
        "weightInGrams": 262
      }
    },
    {
      "id": 7002,
      "name": "Unsweetened Rice Milk",
      "categoryId": 7000,
      "energy": 47,
      "fat": 0.97,
      "saturatedFat": 0,
      "monounsaturatedFat": 0.625,
      "polyunsaturatedFat": 0.313,
      "carbs": 9.17,
      "sugar": 5.28,
      "fiber": 0.3,
      "protein": 0.28,
      "sodium": 39,
      "cholesterol": 0,
      "vitaminA": 63,
      "vitaminB1": 0.027,
      "vitaminB2": 0.142,
      "vitaminB3": 0.39,
      "vitaminB5": 0.146,
      "vitaminB6": 0.039,
      "vitaminB9": 2,
      "vitaminB12": 0.63,
      "vitaminC": 0,
      "vitaminD": 1,
      "vitaminE": 0.47,
      "vitaminK": 0.2,
      "magnesium": 11,
      "calcium": 118,
      "phosphorus": 56,
      "potassium": 27,
      "iron": 0.2,
      "selenium": 2.2,
      "zinc": 0.13,
      "manganese": 0.282,
      "copper": 0.037,
      "choline": 2.1
    },
    {
      "id": 7003,
      "name": "Whey Protein Powder",
      "categoryId": 7000,
      "energy": 352,
      "fat": 1.56,
      "saturatedFat": 0.781,
      "monounsaturatedFat": 0.158,
      "polyunsaturatedFat": 0.299,
      "carbs": 6.25,
      "sugar": 0,
      "fiber": 3.1,
      "protein": 78.13,
      "sodium": 156,
      "cholesterol": 16,
      "vitaminA": 0,
      "vitaminB1": 0.609,
      "vitaminB2": 2.017,
      "vitaminB3": 1.136,
      "vitaminB5": 5.516,
      "vitaminB6": 0.607,
      "vitaminB9": 33,
      "vitaminB12": 2.45,
      "vitaminC": 0,
      "vitaminD": 0,
      "vitaminE": 0,
      "vitaminK": 0,
      "magnesium": 195,
      "calcium": 469,
      "phosphorus": 1321,
      "potassium": 500,
      "iron": 1.13,
      "selenium": 26.7,
      "zinc": 6.18,
      "manganese": 0,
      "copper": 0.049,
      "choline": 224,
      "volume": {
        "portionId": "cups",
        "weightInGrams": 32
      }
    },
    {
      "id": 7004,
      "name": "Coconut Milk",
      "categoryId": 7000,
      "energy": 31,
      "fat": 2.08,
      "saturatedFat": 2.083,
      "monounsaturatedFat": 0,
      "polyunsaturatedFat": 0,
      "carbs": 2.92,
      "sugar": 2.5,
      "fiber": 0,
      "protein": 0.21,
      "sodium": 19,
      "cholesterol": 0,
      "vitaminA": 63,
      "vitaminB1": 0,
      "vitaminB2": 0,
      "vitaminB3": 0,
      "vitaminB5": 0,
      "vitaminB6": 0,
      "vitaminB9": 0,
      "vitaminB12": 1.25,
      "vitaminC": 0,
      "vitaminD": 1,
      "vitaminE": 0,
      "vitaminK": 0,
      "magnesium": 0,
      "calcium": 188,
      "phosphorus": 0,
      "potassium": 19,
      "iron": 0.3,
      "selenium": 0,
      "zinc": 0,
      "manganese": 0,
      "copper": 0,
      "choline": 0,
      "volume": {
        "portionId": "cups",
        "weightInGrams": 240
      }
    },
    {
      "id": 7005,
      "name": "Red Wine",
      "categoryId": 7000,
      "energy": 85,
      "fat": 0,
      "saturatedFat": 0,
      "monounsaturatedFat": 0,
      "polyunsaturatedFat": 0,
      "carbs": 2.61,
      "sugar": 0.62,
      "fiber": 0,
      "protein": 0.07,
      "sodium": 4,
      "cholesterol": 0,
      "vitaminA": 0,
      "vitaminB1": 0.005,
      "vitaminB2": 0.031,
      "vitaminB3": 0.224,
      "vitaminB5": 0.03,
      "vitaminB6": 0.057,
      "vitaminB9": 1,
      "vitaminB12": 0,
      "vitaminC": 0,
      "vitaminD": 0,
      "vitaminE": 0,
      "vitaminK": 0.4,
      "magnesium": 12,
      "calcium": 8,
      "phosphorus": 23,
      "potassium": 127,
      "iron": 0.46,
      "selenium": 0.2,
      "zinc": 0.14,
      "manganese": 0.132,
      "copper": 0.011,
      "choline": 5.7
    },
    {
      "id": 7006,
      "name": "Beer",
      "categoryId": 7000,
      "energy": 43,
      "fat": 0,
      "saturatedFat": 0,
      "monounsaturatedFat": 0,
      "polyunsaturatedFat": 0,
      "carbs": 3.55,
      "sugar": 0,
      "fiber": 0,
      "protein": 0.46,
      "sodium": 4,
      "cholesterol": 0,
      "vitaminA": 0,
      "vitaminB1": 0.005,
      "vitaminB2": 0.025,
      "vitaminB3": 0.513,
      "vitaminB5": 0.041,
      "vitaminB6": 0.046,
      "vitaminB9": 6,
      "vitaminB12": 0.02,
      "vitaminC": 0,
      "vitaminD": 0,
      "vitaminE": 0,
      "vitaminK": 0,
      "magnesium": 6,
      "calcium": 4,
      "phosphorus": 14,
      "potassium": 27,
      "iron": 0.02,
      "selenium": 0.6,
      "zinc": 0.01,
      "manganese": 0.008,
      "copper": 0.005,
      "choline": 10.1
    }
  ]