[
  {
    "id": 501,
    "name": "Skim Milk",
    "categoryId": 500,
    "energy": 34,
    "fat": 0.08,
    "saturatedFat": 0.049,
    "monounsaturatedFat": 0.017,
    "polyunsaturatedFat": 0.006,
    "carbs": 4.89,
    "sugar": 5.05,
    "fiber": 0,
    "protein": 3.43,
    "sodium": 41,
    "cholesterol": 3,
    "vitaminA": 64,
    "vitaminB1": 0.056,
    "vitaminB2": 0.131,
    "vitaminB3": 0.118,
    "vitaminB5": 0,
    "vitaminB6": 0.058,
    "vitaminB9": 2,
    "vitaminB12": 0.58,
    "vitaminC": 0,
    "vitaminD": 1.1,
    "vitaminE": 0,
    "vitaminK": 0,
    "magnesium": 12,
    "calcium": 132,
    "phosphorus": 107,
    "potassium": 167,
    "iron": 0,
    "selenium": 2,
    "zinc": 0.45,
    "manganese": 0,
    "copper": 0.002,
    "choline": 18.2
  },
  {
    "id": 502,
    "name": "Whole Eggs",
    "categoryId": 500,
    "energy": 143,
    "fat": 9.51,
    "saturatedFat": 3.126,
    "monounsaturatedFat": 3.658,
    "polyunsaturatedFat": 1.911,
    "carbs": 0.72,
    "sugar": 0.37,
    "fiber": 0,
    "protein": 12.56,
    "sodium": 142,
    "cholesterol": 372,
    "vitaminA": 160,
    "vitaminB1": 0.04,
    "vitaminB2": 0.457,
    "vitaminB3": 0.075,
    "vitaminB5": 1.533,
    "vitaminB6": 0.17,
    "vitaminB9": 47,
    "vitaminB12": 0.89,
    "vitaminC": 0,
    "vitaminD": 2,
    "vitaminE": 1.05,
    "vitaminK": 0.3,
    "magnesium": 12,
    "calcium": 56,
    "phosphorus": 198,
    "potassium": 138,
    "iron": 1.75,
    "selenium": 30.7,
    "zinc": 1.29,
    "manganese": 0.028,
    "copper": 0.072,
    "choline": 293.8,
    "volume": {
      "portionId": "cups",
      "weightInGrams": 243
    }
  },
  {
    "id": 503,
    "name": "Egg Whites",
    "categoryId": 500,
    "energy": 52,
    "fat": 0.17,
    "saturatedFat": 0,
    "monounsaturatedFat": 0,
    "polyunsaturatedFat": 0,
    "carbs": 0.73,
    "sugar": 0.71,
    "fiber": 0,
    "protein": 10.9,
    "sodium": 166,
    "cholesterol": 0,
    "vitaminA": 0,
    "vitaminB1": 0.004,
    "vitaminB2": 0.439,
    "vitaminB3": 0.105,
    "vitaminB5": 0.19,
    "vitaminB6": 0.005,
    "vitaminB9": 4,
    "vitaminB12": 0.09,
    "vitaminC": 0,
    "vitaminD": 0,
    "vitaminE": 0,
    "vitaminK": 0,
    "magnesium": 11,
    "calcium": 7,
    "phosphorus": 15,
    "potassium": 163,
    "iron": 0.08,
    "selenium": 20,
    "zinc": 0.03,
    "manganese": 0.011,
    "copper": 0.023,
    "choline": 1.1,
    "volume": {
      "portionId": "cups",
      "weightInGrams": 243
    }
  },
  {
    "id": 504,
    "name": "Half and Half",
    "categoryId": 500,
    "energy": 131,
    "fat": 11.5,
    "saturatedFat": 7.032,
    "monounsaturatedFat": 3.32,
    "polyunsaturatedFat": 0.554,
    "carbs": 4.3,
    "sugar": 4.13,
    "fiber": 0,
    "protein": 3.13,
    "sodium": 61,
    "cholesterol": 35,
    "vitaminA": 97,
    "vitaminB1": 0.03,
    "vitaminB2": 0.194,
    "vitaminB3": 0.109,
    "vitaminB5": 0.539,
    "vitaminB6": 0.05,
    "vitaminB9": 3,
    "vitaminB12": 0.19,
    "vitaminC": 0.9,
    "vitaminD": 0,
    "vitaminE": 0.25,
    "vitaminK": 1.3,
    "magnesium": 10,
    "calcium": 107,
    "phosphorus": 95,
    "potassium": 132,
    "iron": 0.05,
    "selenium": 3.2,
    "zinc": 0.39,
    "manganese": 0.005,
    "copper": 0.009,
    "choline": 18.7,
    "volume": {
      "portionId": "tablespoons",
      "weightInGrams": 15
    }
  },
  {
    "id": 505,
    "name": "Reduced Fat Cheddar Cheese",
    "categoryId": 500,
    "energy": 316,
    "fat": 20.41,
    "saturatedFat": 12.602,
    "monounsaturatedFat": 5.304,
    "polyunsaturatedFat": 0.893,
    "carbs": 2.67,
    "sugar": 0.26,
    "fiber": 0,
    "protein": 27.35,
    "sodium": 628,
    "cholesterol": 76,
    "vitaminA": 145,
    "vitaminB1": 0.021,
    "vitaminB2": 0.397,
    "vitaminB3": 0.145,
    "vitaminB5": 0.389,
    "vitaminB6": 0.084,
    "vitaminB9": 20,
    "vitaminB12": 1.41,
    "vitaminC": 0,
    "vitaminD": 0.3,
    "vitaminE": 0.48,
    "vitaminK": 1.5,
    "magnesium": 27,
    "calcium": 761,
    "phosphorus": 520,
    "potassium": 63,
    "iron": 0.12,
    "selenium": 35.8,
    "zinc": 4.44,
    "manganese": 0.031,
    "copper": 0.043,
    "choline": 15.4
  },
  {
    "id": 506,
    "name": "Sour Cream",
    "categoryId": 500,
    "energy": 198,
    "fat": 19.35,
    "saturatedFat": 10.14,
    "monounsaturatedFat": 4.594,
    "polyunsaturatedFat": 0.8,
    "carbs": 4.63,
    "sugar": 3.41,
    "fiber": 0,
    "protein": 2.44,
    "sodium": 31,
    "cholesterol": 59,
    "vitaminA": 124,
    "vitaminB1": 0.02,
    "vitaminB2": 0.168,
    "vitaminB3": 0.093,
    "vitaminB5": 0.472,
    "vitaminB6": 0.041,
    "vitaminB9": 6,
    "vitaminB12": 0.21,
    "vitaminC": 0.9,
    "vitaminD": 0,
    "vitaminE": 0.38,
    "vitaminK": 1.5,
    "magnesium": 10,
    "calcium": 101,
    "phosphorus": 76,
    "potassium": 125,
    "iron": 0.07,
    "selenium": 3.7,
    "zinc": 0.33,
    "manganese": 0.015,
    "copper": 0.018,
    "choline": 19.2,
    "volume": {
      "portionId": "tablespoons",
      "weightInGrams": 12
    }
  },
  {
    "id": 507,
    "name": "Fat Free Sour Cream",
    "categoryId": 500,
    "energy": 74,
    "fat": 0,
    "saturatedFat": 0,
    "monounsaturatedFat": 0,
    "polyunsaturatedFat": 0,
    "carbs": 15.6,
    "sugar": 0.39,
    "fiber": 0,
    "protein": 3.1,
    "sodium": 141,
    "cholesterol": 9,
    "vitaminA": 73,
    "vitaminB1": 0.04,
    "vitaminB2": 0.15,
    "vitaminB3": 0.07,
    "vitaminB5": 0,
    "vitaminB6": 0.02,
    "vitaminB9": 11,
    "vitaminB12": 0.3,
    "vitaminC": 0,
    "vitaminD": 0,
    "vitaminE": 0,
    "vitaminK": 0,
    "magnesium": 10,
    "calcium": 125,
    "phosphorus": 95,
    "potassium": 129,
    "iron": 0,
    "selenium": 5.3,
    "zinc": 0.5,
    "manganese": 0,
    "copper": 0.016,
    "choline": 19.2,
    "volume": {
      "portionId": "tablespoons",
      "weightInGrams": 12
    }
  },
  {
    "id": 508,
    "name": "2% Milk",
    "categoryId": 500,
    "energy": 50,
    "fat": 1.98,
    "saturatedFat": 1.257,
    "monounsaturatedFat": 0.56,
    "polyunsaturatedFat": 0.073,
    "carbs": 4.8,
    "sugar": 5.06,
    "fiber": 0,
    "protein": 3.3,
    "sodium": 47,
    "cholesterol": 8,
    "vitaminA": 55,
    "vitaminB1": 0.039,
    "vitaminB2": 0.185,
    "vitaminB3": 0.092,
    "vitaminB5": 0.356,
    "vitaminB6": 0.038,
    "vitaminB9": 5,
    "vitaminB12": 0.53,
    "vitaminC": 0.2,
    "vitaminD": 1.2,
    "vitaminE": 0.03,
    "vitaminK": 0.2,
    "magnesium": 11,
    "calcium": 120,
    "phosphorus": 92,
    "potassium": 140,
    "iron": 0.02,
    "selenium": 2.5,
    "zinc": 0.48,
    "manganese": 0.014,
    "copper": 0.006,
    "choline": 16.4,
    "volume": {
      "portionId": "cups",
      "weightInGrams": 244
    }
  },
  {
    "id": 509,
    "name": "Nonfat Mozzarella Cheese",
    "categoryId": 500,
    "energy": 141,
    "fat": 0,
    "saturatedFat": 0,
    "monounsaturatedFat": 0,
    "polyunsaturatedFat": 0,
    "carbs": 3.5,
    "sugar": 1.48,
    "fiber": 1.8,
    "protein": 31.7,
    "sodium": 743,
    "cholesterol": 18,
    "vitaminA": 127,
    "vitaminB1": 0.02,
    "vitaminB2": 0.3,
    "vitaminB3": 0.12,
    "vitaminB5": 0,
    "vitaminB6": 0.08,
    "vitaminB9": 10,
    "vitaminB12": 0.92,
    "vitaminC": 0,
    "vitaminD": 0,
    "vitaminE": 0.14,
    "vitaminK": 1.6,
    "magnesium": 33,
    "calcium": 961,
    "phosphorus": 656,
    "potassium": 106,
    "iron": 0.31,
    "selenium": 18.9,
    "zinc": 3.92,
    "manganese": 0,
    "copper": 0.034,
    "choline": 15.4,
    "volume": {
      "portionId": "cups",
      "weightInGrams": 113
    }
  },
  {
    "id": 510,
    "name": "Feta Cheese",
    "categoryId": 500,
    "energy": 265,
    "fat": 21.49,
    "saturatedFat": 13.3,
    "monounsaturatedFat": 4.623,
    "polyunsaturatedFat": 0.591,
    "carbs": 3.88,
    "sugar": 0,
    "fiber": 0,
    "protein": 14.21,
    "sodium": 1139,
    "cholesterol": 89,
    "vitaminA": 125,
    "vitaminB1": 0.154,
    "vitaminB2": 0.844,
    "vitaminB3": 0.991,
    "vitaminB5": 0.967,
    "vitaminB6": 0.424,
    "vitaminB9": 32,
    "vitaminB12": 1.69,
    "vitaminC": 0,
    "vitaminD": 0.4,
    "vitaminE": 0.18,
    "vitaminK": 1.8,
    "magnesium": 19,
    "calcium": 493,
    "phosphorus": 337,
    "potassium": 62,
    "iron": 0.65,
    "selenium": 15,
    "zinc": 2.88,
    "manganese": 0.028,
    "copper": 0.032,
    "choline": 15.4,
    "volume": {
      "portionId": "cups",
      "weightInGrams": 150
    }
  },
  {
    "id": 511,
    "name": "0% Greek Yogurt",
    "categoryId": 500,
    "energy": 53,
    "fat": 0,
    "saturatedFat": 0,
    "monounsaturatedFat": 0,
    "polyunsaturatedFat": 0,
    "carbs": 2.94,
    "sugar": 2.94,
    "fiber": 0,
    "protein": 10.59,
    "sodium": 38,
    "cholesterol": 0,
    "vitaminA": 0,
    "vitaminB1": 0,
    "vitaminB2": 0,
    "vitaminB3": 0,
    "vitaminB5": 0,
    "vitaminB6": 0,
    "vitaminB9": 0,
    "vitaminB12": 0,
    "vitaminC": 0,
    "vitaminD": 0,
    "vitaminE": 0,
    "vitaminK": 0,
    "magnesium": 0,
    "calcium": 118,
    "phosphorus": 0,
    "potassium": 0,
    "iron": 0,
    "selenium": 0,
    "zinc": 0,
    "manganese": 0,
    "copper": 0,
    "choline": 0
  },
  {
    "id": 512,
    "name": "1% Cottage Cheese",
    "categoryId": 500,
    "energy": 72,
    "fat": 1.02,
    "saturatedFat": 0.645,
    "monounsaturatedFat": 0.291,
    "polyunsaturatedFat": 0.031,
    "carbs": 2.72,
    "sugar": 2.72,
    "fiber": 0,
    "protein": 12.39,
    "sodium": 406,
    "cholesterol": 4,
    "vitaminA": 11,
    "vitaminB1": 0.021,
    "vitaminB2": 0.165,
    "vitaminB3": 0.128,
    "vitaminB5": 0.215,
    "vitaminB6": 0.068,
    "vitaminB9": 12,
    "vitaminB12": 0.63,
    "vitaminC": 0,
    "vitaminD": 0,
    "vitaminE": 0.01,
    "vitaminK": 0.1,
    "magnesium": 5,
    "calcium": 61,
    "phosphorus": 134,
    "potassium": 86,
    "iron": 0.14,
    "selenium": 9,
    "zinc": 0.38,
    "manganese": 0.003,
    "copper": 0.028,
    "choline": 17.5,
    "volume": {
      "portionId": "cups",
      "weightInGrams": 226
    }
  },
  {
    "id": 513,
    "name": "2% Cottage Cheese",
    "categoryId": 500,
    "energy": 81,
    "fat": 2.27,
    "saturatedFat": 1.235,
    "monounsaturatedFat": 0.516,
    "polyunsaturatedFat": 0.083,
    "carbs": 4.76,
    "sugar": 4,
    "fiber": 0,
    "protein": 10.45,
    "sodium": 308,
    "cholesterol": 12,
    "vitaminA": 68,
    "vitaminB1": 0.02,
    "vitaminB2": 0.251,
    "vitaminB3": 0.103,
    "vitaminB5": 0.524,
    "vitaminB6": 0.057,
    "vitaminB9": 8,
    "vitaminB12": 0.47,
    "vitaminC": 0,
    "vitaminD": 0,
    "vitaminE": 0.08,
    "vitaminK": 0,
    "magnesium": 9,
    "calcium": 111,
    "phosphorus": 150,
    "potassium": 125,
    "iron": 0.13,
    "selenium": 11.9,
    "zinc": 0.51,
    "manganese": 0.015,
    "copper": 0.033,
    "choline": 16.3,
    "volume": {
      "portionId": "cups",
      "weightInGrams": 226
    }
  },
  {
    "id": 514,
    "name": "Grated Parmesan Cheese",
    "categoryId": 500,
    "energy": 420,
    "fat": 27.84,
    "saturatedFat": 15.371,
    "monounsaturatedFat": 7.13,
    "polyunsaturatedFat": 1.386,
    "carbs": 13.91,
    "sugar": 0.07,
    "fiber": 0,
    "protein": 28.42,
    "sodium": 1804,
    "cholesterol": 86,
    "vitaminA": 262,
    "vitaminB1": 0.026,
    "vitaminB2": 0.358,
    "vitaminB3": 0.08,
    "vitaminB5": 0.45,
    "vitaminB6": 0.081,
    "vitaminB9": 6,
    "vitaminB12": 1.4,
    "vitaminC": 0,
    "vitaminD": 0.5,
    "vitaminE": 0.53,
    "vitaminK": 1.7,
    "magnesium": 34,
    "calcium": 853,
    "phosphorus": 627,
    "potassium": 180,
    "iron": 0.49,
    "selenium": 34.4,
    "zinc": 4.2,
    "manganese": 0.071,
    "copper": 0.04,
    "choline": 14.1,
    "volume": {
      "portionId": "cups",
      "weightInGrams": 100
    }
  },
  {
    "id": 515,
    "name": "Light Whipping Cream",
    "categoryId": 500,
    "energy": 292,
    "fat": 30.91,
    "saturatedFat": 19.337,
    "monounsaturatedFat": 9.093,
    "polyunsaturatedFat": 0.884,
    "carbs": 2.96,
    "sugar": 2.96,
    "fiber": 0,
    "protein": 2.17,
    "sodium": 34,
    "cholesterol": 111,
    "vitaminA": 279,
    "vitaminB1": 0.024,
    "vitaminB2": 0.125,
    "vitaminB3": 0.042,
    "vitaminB5": 0.259,
    "vitaminB6": 0.028,
    "vitaminB9": 4,
    "vitaminB12": 0.2,
    "vitaminC": 0.6,
    "vitaminD": 0.6,
    "vitaminE": 0.88,
    "vitaminK": 2.7,
    "magnesium": 7,
    "calcium": 69,
    "phosphorus": 61,
    "potassium": 97,
    "iron": 0.03,
    "selenium": 0.5,
    "zinc": 0.25,
    "manganese": 0.001,
    "copper": 0.007,
    "choline": 16.8,
    "volume": {
      "portionId": "cups",
      "weightInGrams": 239
    }
  },
  {
    "id": 516,
    "name": "Reduced Fat Grated Parmesan Cheese",
    "categoryId": 500,
    "energy": 265,
    "fat": 20,
    "saturatedFat": 13.317,
    "monounsaturatedFat": 6.098,
    "polyunsaturatedFat": 0.462,
    "carbs": 1.37,
    "sugar": 0,
    "fiber": 0,
    "protein": 20,
    "sodium": 1529,
    "cholesterol": 88,
    "vitaminA": 160,
    "vitaminB1": 0.029,
    "vitaminB2": 0.486,
    "vitaminB3": 0.114,
    "vitaminB5": 0.325,
    "vitaminB6": 0.049,
    "vitaminB9": 10,
    "vitaminB12": 2.26,
    "vitaminC": 0,
    "vitaminD": 0.4,
    "vitaminE": 0.17,
    "vitaminK": 1.7,
    "magnesium": 38,
    "calcium": 1109,
    "phosphorus": 729,
    "potassium": 125,
    "iron": 0.9,
    "selenium": 17.7,
    "zinc": 3.87,
    "manganese": 0.085,
    "copper": 0.238,
    "choline": 20.7,
    "volume": {
      "portionId": "cups",
      "weightInGrams": 100
    }
  },
  {
    "id": 517,
    "name": "Neufchatel Cheese",
    "categoryId": 500,
    "energy": 253,
    "fat": 22.78,
    "saturatedFat": 12.79,
    "monounsaturatedFat": 5.784,
    "polyunsaturatedFat": 0.97,
    "carbs": 3.59,
    "sugar": 3.19,
    "fiber": 0,
    "protein": 9.15,
    "sodium": 334,
    "cholesterol": 74,
    "vitaminA": 241,
    "vitaminB1": 0.022,
    "vitaminB2": 0.155,
    "vitaminB3": 0.21,
    "vitaminB5": 0.575,
    "vitaminB6": 0.041,
    "vitaminB9": 14,
    "vitaminB12": 0.3,
    "vitaminC": 0,
    "vitaminD": 0,
    "vitaminE": 0.4,
    "vitaminK": 1.7,
    "magnesium": 10,
    "calcium": 117,
    "phosphorus": 138,
    "potassium": 152,
    "iron": 0.13,
    "selenium": 3,
    "zinc": 0.82,
    "manganese": 0.011,
    "copper": 0.027,
    "choline": 0
  },
  {
    "id": 518,
    "name": "Low Fat Cream Cheese",
    "categoryId": 500,
    "energy": 208,
    "fat": 16.67,
    "saturatedFat": 10,
    "monounsaturatedFat": 3.996,
    "polyunsaturatedFat": 0.575,
    "carbs": 6.73,
    "sugar": 3.3,
    "fiber": 0,
    "protein": 7.85,
    "sodium": 317,
    "cholesterol": 54,
    "vitaminA": 161,
    "vitaminB1": 0.04,
    "vitaminB2": 0.185,
    "vitaminB3": 0.125,
    "vitaminB5": 0.845,
    "vitaminB6": 0.045,
    "vitaminB9": 19,
    "vitaminB12": 0.92,
    "vitaminC": 0,
    "vitaminD": 0.3,
    "vitaminE": 0.27,
    "vitaminK": 1.1,
    "magnesium": 8,
    "calcium": 148,
    "phosphorus": 152,
    "potassium": 247,
    "iron": 0.17,
    "selenium": 4,
    "zinc": 0.57,
    "manganese": 0.011,
    "copper": 0.032,
    "choline": 12.1,
    "volume": {
      "portionId": "cups",
      "weightInGrams": 240
    }
  },
  {
    "id": 519,
    "name": "Fat Free American Cheese",
    "categoryId": 500,
    "energy": 126,
    "fat": 0,
    "saturatedFat": 0,
    "monounsaturatedFat": 0,
    "polyunsaturatedFat": 0,
    "carbs": 10.53,
    "sugar": 5.26,
    "fiber": 0,
    "protein": 21.05,
    "sodium": 1316,
    "cholesterol": 26,
    "vitaminA": 56,
    "vitaminB1": 0.412,
    "vitaminB2": 0.545,
    "vitaminB3": 5.56,
    "vitaminB5": 0,
    "vitaminB6": 0.567,
    "vitaminB9": 9,
    "vitaminB12": 1.85,
    "vitaminC": 0,
    "vitaminD": 0.1,
    "vitaminE": 0.27,
    "vitaminK": 0.2,
    "magnesium": 115,
    "calcium": 789,
    "phosphorus": 316,
    "potassium": 393,
    "iron": 0,
    "selenium": 14.6,
    "zinc": 4.11,
    "manganese": 0,
    "copper": 0.559,
    "choline": 38.4
  },
  {
    "id": 520,
    "name": "Cream Cheese",
    "categoryId": 500,
    "energy": 350,
    "fat": 34.44,
    "saturatedFat": 20.213,
    "monounsaturatedFat": 8.907,
    "polyunsaturatedFat": 1.483,
    "carbs": 5.52,
    "sugar": 3.76,
    "fiber": 0,
    "protein": 6.15,
    "sodium": 314,
    "cholesterol": 101,
    "vitaminA": 308,
    "vitaminB1": 0.023,
    "vitaminB2": 0.23,
    "vitaminB3": 0.091,
    "vitaminB5": 0.517,
    "vitaminB6": 0.056,
    "vitaminB9": 9,
    "vitaminB12": 0.22,
    "vitaminC": 0,
    "vitaminD": 0,
    "vitaminE": 0.86,
    "vitaminK": 2.1,
    "magnesium": 9,
    "calcium": 97,
    "phosphorus": 107,
    "potassium": 132,
    "iron": 0.11,
    "selenium": 8.6,
    "zinc": 0.5,
    "manganese": 0.011,
    "copper": 0.018,
    "choline": 26.8,
    "volume": {
      "portionId": "cups",
      "weightInGrams": 232
    }
  },
  {
    "id": 521,
    "name": "Gouda Cheese",
    "categoryId": 500,
    "energy": 356,
    "fat": 27.44,
    "saturatedFat": 17.614,
    "monounsaturatedFat": 7.747,
    "polyunsaturatedFat": 0.657,
    "carbs": 2.22,
    "sugar": 2.22,
    "fiber": 0,
    "protein": 24.94,
    "sodium": 819,
    "cholesterol": 114,
    "vitaminA": 165,
    "vitaminB1": 0.03,
    "vitaminB2": 0.334,
    "vitaminB3": 0.063,
    "vitaminB5": 0.34,
    "vitaminB6": 0.08,
    "vitaminB9": 21,
    "vitaminB12": 1.54,
    "vitaminC": 0,
    "vitaminD": 0.5,
    "vitaminE": 0.24,
    "vitaminK": 2.3,
    "magnesium": 29,
    "calcium": 700,
    "phosphorus": 546,
    "potassium": 121,
    "iron": 0.24,
    "selenium": 14.5,
    "zinc": 3.9,
    "manganese": 0.011,
    "copper": 0.036,
    "choline": 15.4
  },
  {
    "id": 522,
    "name": "Brie Cheese",
    "categoryId": 500,
    "energy": 334,
    "fat": 27.68,
    "saturatedFat": 17.41,
    "monounsaturatedFat": 8.013,
    "polyunsaturatedFat": 0.826,
    "carbs": 0.45,
    "sugar": 0.45,
    "fiber": 0,
    "protein": 20.75,
    "sodium": 629,
    "cholesterol": 100,
    "vitaminA": 174,
    "vitaminB1": 0.07,
    "vitaminB2": 0.52,
    "vitaminB3": 0.38,
    "vitaminB5": 0.69,
    "vitaminB6": 0.235,
    "vitaminB9": 65,
    "vitaminB12": 1.65,
    "vitaminC": 0,
    "vitaminD": 0.5,
    "vitaminE": 0.24,
    "vitaminK": 2.3,
    "magnesium": 20,
    "calcium": 184,
    "phosphorus": 188,
    "potassium": 152,
    "iron": 0.5,
    "selenium": 14.5,
    "zinc": 2.38,
    "manganese": 0.034,
    "copper": 0.019,
    "choline": 15.4,
    "volume": {
      "portionId": "cups",
      "weightInGrams": 240
    }
  },
  {
    "id": 523,
    "name": "Cheddar Cheese",
    "categoryId": 500,
    "energy": 410,
    "fat": 33.82,
    "saturatedFat": 19.368,
    "monounsaturatedFat": 8.428,
    "polyunsaturatedFat": 1.433,
    "carbs": 2.13,
    "sugar": 0.27,
    "fiber": 0,
    "protein": 24.25,
    "sodium": 644,
    "cholesterol": 99,
    "vitaminA": 263,
    "vitaminB1": 0.027,
    "vitaminB2": 0.434,
    "vitaminB3": 0.039,
    "vitaminB5": 0.481,
    "vitaminB6": 0.075,
    "vitaminB9": 27,
    "vitaminB12": 0.88,
    "vitaminC": 0,
    "vitaminD": 1,
    "vitaminE": 0.78,
    "vitaminK": 2.4,
    "magnesium": 27,
    "calcium": 711,
    "phosphorus": 460,
    "potassium": 76,
    "iron": 0.16,
    "selenium": 28.3,
    "zinc": 3.74,
    "manganese": 0.024,
    "copper": 0.035,
    "choline": 16.5
  },
  {
    "id": 524,
    "name": "Blue Cheese",
    "categoryId": 500,
    "energy": 353,
    "fat": 28.74,
    "saturatedFat": 18.669,
    "monounsaturatedFat": 7.778,
    "polyunsaturatedFat": 0.8,
    "carbs": 2.34,
    "sugar": 0.5,
    "fiber": 0,
    "protein": 21.4,
    "sodium": 1146,
    "cholesterol": 75,
    "vitaminA": 198,
    "vitaminB1": 0.029,
    "vitaminB2": 0.382,
    "vitaminB3": 1.016,
    "vitaminB5": 1.729,
    "vitaminB6": 0.166,
    "vitaminB9": 36,
    "vitaminB12": 1.22,
    "vitaminC": 0,
    "vitaminD": 0.5,
    "vitaminE": 0.25,
    "vitaminK": 2.4,
    "magnesium": 23,
    "calcium": 528,
    "phosphorus": 387,
    "potassium": 256,
    "iron": 0.31,
    "selenium": 14.5,
    "zinc": 2.66,
    "manganese": 0.009,
    "copper": 0.04,
    "choline": 15.4,
    "volume": {
      "portionId": "cups",
      "weightInGrams": 135
    }
  },
  {
    "id": 525,
    "name": "Egg Yolk",
    "categoryId": 500,
    "energy": 322,
    "fat": 26.54,
    "saturatedFat": 9.551,
    "monounsaturatedFat": 11.738,
    "polyunsaturatedFat": 4.204,
    "carbs": 3.59,
    "sugar": 0.56,
    "fiber": 0,
    "protein": 15.86,
    "sodium": 48,
    "cholesterol": 1085,
    "vitaminA": 381,
    "vitaminB1": 0.176,
    "vitaminB2": 0.528,
    "vitaminB3": 0.024,
    "vitaminB5": 2.99,
    "vitaminB6": 0.35,
    "vitaminB9": 146,
    "vitaminB12": 1.95,
    "vitaminC": 0,
    "vitaminD": 5.4,
    "vitaminE": 2.58,
    "vitaminK": 0.7,
    "magnesium": 5,
    "calcium": 129,
    "phosphorus": 390,
    "potassium": 109,
    "iron": 2.73,
    "selenium": 56,
    "zinc": 2.3,
    "manganese": 0.055,
    "copper": 0.077,
    "choline": 820.2,
    "volume": {
      "portionId": "cups",
      "weightInGrams": 243
    }
  },
  {
    "id": 526,
    "name": "Provolone Cheese",
    "categoryId": 500,
    "energy": 351,
    "fat": 26.62,
    "saturatedFat": 17.078,
    "monounsaturatedFat": 7.393,
    "polyunsaturatedFat": 0.769,
    "carbs": 2.14,
    "sugar": 0.56,
    "fiber": 0,
    "protein": 25.58,
    "sodium": 727,
    "cholesterol": 69,
    "vitaminA": 236,
    "vitaminB1": 0.019,
    "vitaminB2": 0.321,
    "vitaminB3": 0.156,
    "vitaminB5": 0.476,
    "vitaminB6": 0.073,
    "vitaminB9": 10,
    "vitaminB12": 1.46,
    "vitaminC": 0,
    "vitaminD": 0.5,
    "vitaminE": 0.23,
    "vitaminK": 2.2,
    "magnesium": 28,
    "calcium": 756,
    "phosphorus": 496,
    "potassium": 138,
    "iron": 0.52,
    "selenium": 14.5,
    "zinc": 3.23,
    "manganese": 0.01,
    "copper": 0.026,
    "choline": 15.4,
    "volume": {
      "portionId": "cups",
      "weightInGrams": 132
    }
  },
  {
    "id": 527,
    "name": "Reduced Fat Provolone Chesse",
    "categoryId": 500,
    "energy": 274,
    "fat": 17.6,
    "saturatedFat": 11.3,
    "monounsaturatedFat": 4.89,
    "polyunsaturatedFat": 0.51,
    "carbs": 3.5,
    "sugar": 0.55,
    "fiber": 0,
    "protein": 24.7,
    "sodium": 615,
    "cholesterol": 55,
    "vitaminA": 141,
    "vitaminB1": 0.019,
    "vitaminB2": 0.321,
    "vitaminB3": 0.156,
    "vitaminB5": 0.476,
    "vitaminB6": 0.073,
    "vitaminB9": 10,
    "vitaminB12": 1.46,
    "vitaminC": 0,
    "vitaminD": 0.3,
    "vitaminE": 0.15,
    "vitaminK": 1.5,
    "magnesium": 28,
    "calcium": 756,
    "phosphorus": 496,
    "potassium": 138,
    "iron": 0.52,
    "selenium": 14.5,
    "zinc": 3.23,
    "manganese": 0.01,
    "copper": 0.026,
    "choline": 12.9,
    "volume": {
      "portionId": "cups",
      "weightInGrams": 113
    }
  },
  {
    "id": 528,
    "name": "Swiss Cheese",
    "categoryId": 500,
    "energy": 393,
    "fat": 30.99,
    "saturatedFat": 18.227,
    "monounsaturatedFat": 8.046,
    "polyunsaturatedFat": 1.341,
    "carbs": 1.44,
    "sugar": 0,
    "fiber": 0,
    "protein": 26.96,
    "sodium": 187,
    "cholesterol": 93,
    "vitaminA": 288,
    "vitaminB1": 0.011,
    "vitaminB2": 0.302,
    "vitaminB3": 0.064,
    "vitaminB5": 0.353,
    "vitaminB6": 0.071,
    "vitaminB9": 10,
    "vitaminB12": 3.06,
    "vitaminC": 0,
    "vitaminD": 0,
    "vitaminE": 0.6,
    "vitaminK": 1.4,
    "magnesium": 33,
    "calcium": 890,
    "phosphorus": 574,
    "potassium": 72,
    "iron": 0.13,
    "selenium": 30,
    "zinc": 4.37,
    "manganese": 0.026,
    "copper": 0.047,
    "choline": 13.8,
    "volume": {
      "portionId": "cups",
      "weightInGrams": 244
    }
  },
  {
    "id": 529,
    "name": "Low Fat Swiss Cheese",
    "categoryId": 500,
    "energy": 179,
    "fat": 5.1,
    "saturatedFat": 3.304,
    "monounsaturatedFat": 1.351,
    "polyunsaturatedFat": 0.18,
    "carbs": 3.4,
    "sugar": 1.33,
    "fiber": 0,
    "protein": 28.4,
    "sodium": 199,
    "cholesterol": 35,
    "vitaminA": 40,
    "vitaminB1": 0.02,
    "vitaminB2": 0.36,
    "vitaminB3": 0.09,
    "vitaminB5": 0,
    "vitaminB6": 0.08,
    "vitaminB9": 6,
    "vitaminB12": 1.68,
    "vitaminC": 0,
    "vitaminD": 0.1,
    "vitaminE": 0.07,
    "vitaminK": 0.5,
    "magnesium": 36,
    "calcium": 961,
    "phosphorus": 605,
    "potassium": 111,
    "iron": 0.17,
    "selenium": 12.7,
    "zinc": 3.9,
    "manganese": 0,
    "copper": 0.027,
    "choline": 15.4,
    "volume": {
      "portionId": "cups",
      "weightInGrams": 132
    }
  },
  {
    "id": 530,
    "name": "White Queso Cheese",
    "categoryId": 500,
    "energy": 310,
    "fat": 24.31,
    "saturatedFat": 13.661,
    "monounsaturatedFat": 6.459,
    "polyunsaturatedFat": 1.149,
    "carbs": 2.53,
    "sugar": 1.76,
    "fiber": 0,
    "protein": 20.38,
    "sodium": 704,
    "cholesterol": 70,
    "vitaminA": 157,
    "vitaminB1": 0.048,
    "vitaminB2": 0.23,
    "vitaminB3": 0.035,
    "vitaminB5": 0.397,
    "vitaminB6": 0.086,
    "vitaminB9": 0,
    "vitaminB12": 1.75,
    "vitaminC": 0,
    "vitaminD": 0.7,
    "vitaminE": 0.47,
    "vitaminK": 1.6,
    "magnesium": 29,
    "calcium": 690,
    "phosphorus": 467,
    "potassium": 126,
    "iron": 0.18,
    "selenium": 13.8,
    "zinc": 3.06,
    "manganese": 0.021,
    "copper": 0.025,
    "choline": 15.4,
    "volume": {
      "portionId": "cups",
      "weightInGrams": 118
    }
  },
  {
    "id": 531,
    "name": "Part Skim Ricotta Cheese",
    "categoryId": 500,
    "energy": 138,
    "fat": 7.91,
    "saturatedFat": 4.927,
    "monounsaturatedFat": 2.314,
    "polyunsaturatedFat": 0.26,
    "carbs": 5.14,
    "sugar": 0.31,
    "fiber": 0,
    "protein": 11.39,
    "sodium": 99,
    "cholesterol": 31,
    "vitaminA": 107,
    "vitaminB1": 0.021,
    "vitaminB2": 0.185,
    "vitaminB3": 0.078,
    "vitaminB5": 0.242,
    "vitaminB6": 0.02,
    "vitaminB9": 13,
    "vitaminB12": 0.29,
    "vitaminC": 0,
    "vitaminD": 0.1,
    "vitaminE": 0.07,
    "vitaminK": 0.7,
    "magnesium": 15,
    "calcium": 272,
    "phosphorus": 183,
    "potassium": 125,
    "iron": 0.44,
    "selenium": 16.7,
    "zinc": 1.34,
    "manganese": 0.01,
    "copper": 0.034,
    "choline": 16.3,
    "volume": {
      "portionId": "cups",
      "weightInGrams": 124
    }
  },
  {
    "id": 532,
    "name": "Egg White Wraps",
    "categoryId": 500,
    "energy": 89,
    "fat": 0,
    "saturatedFat": 0,
    "monounsaturatedFat": 0,
    "polyunsaturatedFat": 0,
    "carbs": 0,
    "sugar": 0,
    "fiber": 0,
    "protein": 17.86,
    "sodium": 429,
    "cholesterol": 0,
    "vitaminA": 0,
    "vitaminB1": 0,
    "vitaminB2": 0,
    "vitaminB3": 0,
    "vitaminB5": 0,
    "vitaminB6": 0,
    "vitaminB9": 0,
    "vitaminB12": 0,
    "vitaminC": 0,
    "vitaminD": 0,
    "vitaminE": 0,
    "vitaminK": 0,
    "magnesium": 0,
    "calcium": 36,
    "phosphorus": 0,
    "potassium": 250,
    "iron": 0,
    "selenium": 0,
    "zinc": 0,
    "manganese": 0,
    "copper": 0,
    "choline": 0
  }
]