[
    {
      "id": 2001,
      "name": "PAM cooking spray",
      "categoryId": 2000,
      "energy": 792,
      "fat": 78.69,
      "saturatedFat": 5.025,
      "monounsaturatedFat": 49.792,
      "polyunsaturatedFat": 22.145,
      "carbs": 20.69,
      "sugar": 0,
      "fiber": 0,
      "protein": 0.26,
      "sodium": 59,
      "cholesterol": 0,
      "vitaminA": 0,
      "vitaminB1": 0,
      "vitaminB2": 0,
      "vitaminB3": 0,
      "vitaminB5": 0,
      "vitaminB6": 0,
      "vitaminB9": 0,
      "vitaminB12": 0,
      "vitaminC": 0,
      "vitaminD": 0,
      "vitaminE": 0,
      "vitaminK": 0,
      "magnesium": 0,
      "calcium": 0,
      "phosphorus": 0,
      "potassium": 0,
      "iron": 0,
      "selenium": 0,
      "zinc": 0,
      "manganese": 0,
      "copper": 0,
      "choline": 0
    },
    {
      "id": 2002,
      "name": "Butter",
      "categoryId": 2000,
      "energy": 717,
      "fat": 81.11,
      "saturatedFat": 51.368,
      "monounsaturatedFat": 21.021,
      "polyunsaturatedFat": 3.043,
      "carbs": 0.06,
      "sugar": 0.06,
      "fiber": 0,
      "protein": 0.85,
      "sodium": 643,
      "cholesterol": 215,
      "vitaminA": 684,
      "vitaminB1": 0.005,
      "vitaminB2": 0.034,
      "vitaminB3": 0.042,
      "vitaminB5": 0.11,
      "vitaminB6": 0.003,
      "vitaminB9": 3,
      "vitaminB12": 0.17,
      "vitaminC": 0,
      "vitaminD": 0,
      "vitaminE": 2.32,
      "vitaminK": 7,
      "magnesium": 2,
      "calcium": 24,
      "phosphorus": 24,
      "potassium": 24,
      "iron": 0.02,
      "selenium": 1,
      "zinc": 0.09,
      "manganese": 0,
      "copper": 0,
      "choline": 18.8,
      "volume": {
        "portionId": "cups",
        "weightInGrams": 227
      }
    },
    {
      "id": 2003,
      "name": "Olive Oil",
      "categoryId": 2000,
      "energy": 884,
      "fat": 100,
      "saturatedFat": 13.808,
      "monounsaturatedFat": 72.961,
      "polyunsaturatedFat": 10.523,
      "carbs": 0,
      "sugar": 0,
      "fiber": 0,
      "protein": 0,
      "sodium": 2,
      "cholesterol": 0,
      "vitaminA": 0,
      "vitaminB1": 0,
      "vitaminB2": 0,
      "vitaminB3": 0,
      "vitaminB5": 0,
      "vitaminB6": 0,
      "vitaminB9": 0,
      "vitaminB12": 0,
      "vitaminC": 0,
      "vitaminD": 0,
      "vitaminE": 14.35,
      "vitaminK": 60.2,
      "magnesium": 0,
      "calcium": 1,
      "phosphorus": 0,
      "potassium": 1,
      "iron": 0.56,
      "selenium": 0,
      "zinc": 0,
      "manganese": 0,
      "copper": 0,
      "choline": 0.3,
      "volume": {
        "portionId": "tablespoons",
        "weightInGrams": 13.5
      }
    },
    {
      "id": 2004,
      "name": "Coconut oil",
      "categoryId": 2000,
      "energy": 892,
      "fat": 99.06,
      "saturatedFat": 82.475,
      "monounsaturatedFat": 6.332,
      "polyunsaturatedFat": 1.702,
      "carbs": 0,
      "sugar": 0,
      "fiber": 0,
      "protein": 0,
      "sodium": 0,
      "cholesterol": 0,
      "vitaminA": 0,
      "vitaminB1": 0,
      "vitaminB2": 0,
      "vitaminB3": 0,
      "vitaminB5": 0,
      "vitaminB6": 0,
      "vitaminB9": 0,
      "vitaminB12": 0,
      "vitaminC": 0,
      "vitaminD": 0,
      "vitaminE": 0.11,
      "vitaminK": 0.6,
      "magnesium": 0,
      "calcium": 1,
      "phosphorus": 0,
      "potassium": 0,
      "iron": 0.05,
      "selenium": 0,
      "zinc": 0.02,
      "manganese": 0,
      "copper": 0,
      "choline": 0.3,
      "volume": {
        "portionId": "cups",
        "weightInGrams": 218
      }
    },
    {
      "id": 2005,
      "name": "Avocado Oil",
      "categoryId": 2000,
      "energy": 884,
      "fat": 100,
      "saturatedFat": 11.56,
      "monounsaturatedFat": 70.554,
      "polyunsaturatedFat": 13.486,
      "carbs": 0,
      "sugar": 0,
      "fiber": 0,
      "protein": 0,
      "sodium": 0,
      "cholesterol": 0,
      "vitaminA": 0,
      "vitaminB1": 0,
      "vitaminB2": 0,
      "vitaminB3": 0,
      "vitaminB5": 0,
      "vitaminB6": 0,
      "vitaminB9": 0,
      "vitaminB12": 0,
      "vitaminC": 0,
      "vitaminD": 0,
      "vitaminE": 0,
      "vitaminK": 0,
      "magnesium": 0,
      "calcium": 0,
      "phosphorus": 0,
      "potassium": 0,
      "iron": 0,
      "selenium": 0,
      "zinc": 0,
      "manganese": 0,
      "copper": 0,
      "choline": 0,
      "volume": {
        "portionId": "teaspoons",
        "weightInGrams": 4.5
      }
    },
    {
      "id": 2006,
      "name": "Flaxseed Oil",
      "categoryId": 2000,
      "energy": 884,
      "fat": 99.98,
      "saturatedFat": 8.976,
      "monounsaturatedFat": 18.438,
      "polyunsaturatedFat": 67.849,
      "carbs": 0,
      "sugar": 0,
      "fiber": 0,
      "protein": 0.11,
      "sodium": 0,
      "cholesterol": 0,
      "vitaminA": 0,
      "vitaminB1": 0,
      "vitaminB2": 0,
      "vitaminB3": 0,
      "vitaminB5": 0,
      "vitaminB6": 0,
      "vitaminB9": 0,
      "vitaminB12": 0,
      "vitaminC": 0,
      "vitaminD": 0,
      "vitaminE": 0.47,
      "vitaminK": 9.3,
      "magnesium": 0,
      "calcium": 1,
      "phosphorus": 1,
      "potassium": 0,
      "iron": 0,
      "selenium": 0,
      "zinc": 0.07,
      "manganese": 0,
      "copper": 0,
      "choline": 0.2,
      "volume": {
        "portionId": "tablespoons",
        "weightInGrams": 13.6
      }
    },
    {
      "id": 2007,
      "name": "Canola Oil",
      "categoryId": 2000,
      "energy": 884,
      "fat": 100,
      "saturatedFat": 7.365,
      "monounsaturatedFat": 63.276,
      "polyunsaturatedFat": 28.142,
      "carbs": 0,
      "sugar": 0,
      "fiber": 0,
      "protein": 0,
      "sodium": 0,
      "cholesterol": 0,
      "vitaminA": 0,
      "vitaminB1": 0,
      "vitaminB2": 0,
      "vitaminB3": 0,
      "vitaminB5": 0,
      "vitaminB6": 0,
      "vitaminB9": 0,
      "vitaminB12": 0,
      "vitaminC": 0,
      "vitaminD": 0,
      "vitaminE": 17.46,
      "vitaminK": 71.3,
      "magnesium": 0,
      "calcium": 0,
      "phosphorus": 0,
      "potassium": 0,
      "iron": 0,
      "selenium": 0,
      "zinc": 0,
      "manganese": 0,
      "copper": 0,
      "choline": 0.2,
      "volume": {
        "portionId": "teaspoons",
        "weightInGrams": 4.5
      }
    },
    {
      "id": 2008,
      "name": "Salmon Oil",
      "categoryId": 2000,
      "energy": 902,
      "fat": 100,
      "saturatedFat": 19.872,
      "monounsaturatedFat": 29.037,
      "polyunsaturatedFat": 40.324,
      "carbs": 0,
      "sugar": 0,
      "fiber": 0,
      "protein": 0,
      "sodium": 0,
      "cholesterol": 485,
      "vitaminA": 0,
      "vitaminB1": 0,
      "vitaminB2": 0,
      "vitaminB3": 0,
      "vitaminB5": 0,
      "vitaminB6": 0,
      "vitaminB9": 0,
      "vitaminB12": 0,
      "vitaminC": 0,
      "vitaminD": 0,
      "vitaminE": 0,
      "vitaminK": 0,
      "magnesium": 0,
      "calcium": 0,
      "phosphorus": 0,
      "potassium": 0,
      "iron": 0,
      "selenium": 0,
      "zinc": 0,
      "manganese": 0,
      "copper": 0,
      "choline": 0,
      "volume": {
        "portionId": "teaspoons",
        "weightInGrams": 4.5
      }
    },
    {
      "id": 2009,
      "name": "Italian Salad Dressing",
      "categoryId": 2000,
      "energy": 240,
      "fat": 21.12,
      "saturatedFat": 2.948,
      "monounsaturatedFat": 5.638,
      "polyunsaturatedFat": 10.748,
      "carbs": 12.12,
      "sugar": 10.77,
      "fiber": 0,
      "protein": 0.41,
      "sodium": 993,
      "cholesterol": 0,
      "vitaminA": 2,
      "vitaminB1": 0.02,
      "vitaminB2": 0,
      "vitaminB3": 0.131,
      "vitaminB5": 0,
      "vitaminB6": 0.064,
      "vitaminB9": 0,
      "vitaminB12": 0,
      "vitaminC": 0.4,
      "vitaminD": 0,
      "vitaminE": 2.19,
      "vitaminK": 56,
      "magnesium": 5,
      "calcium": 13,
      "phosphorus": 15,
      "potassium": 84,
      "iron": 0.26,
      "selenium": 2,
      "zinc": 0.07,
      "manganese": 0.031,
      "copper": 0.019,
      "choline": 2.6,
      "volume": {
        "portionId": "cups",
        "weightInGrams": 235
      }
    },
    {
      "id": 2010,
      "name": "Fat Free Italian Salad Dressing",
      "categoryId": 2000,
      "energy": 47,
      "fat": 0.87,
      "saturatedFat": 0.295,
      "monounsaturatedFat": 0.235,
      "polyunsaturatedFat": 0.192,
      "carbs": 8.75,
      "sugar": 8.85,
      "fiber": 0.6,
      "protein": 0.97,
      "sodium": 1129,
      "cholesterol": 2,
      "vitaminA": 4,
      "vitaminB1": 0.031,
      "vitaminB2": 0.053,
      "vitaminB3": 0.135,
      "vitaminB5": 0,
      "vitaminB6": 0,
      "vitaminB9": 12,
      "vitaminB12": 0.31,
      "vitaminC": 0.4,
      "vitaminD": 0,
      "vitaminE": 0.76,
      "vitaminK": 1.6,
      "magnesium": 5,
      "calcium": 30,
      "phosphorus": 109,
      "potassium": 102,
      "iron": 0.4,
      "selenium": 2,
      "zinc": 0.36,
      "manganese": 0.032,
      "copper": 0.116,
      "choline": 4,
      "volume": {
        "portionId": "tablespoons",
        "weightInGrams": 14
      }
    },
    {
      "id": 2011,
      "name": "Light Italian Salad Dressing",
      "categoryId": 2000,
      "energy": 102,
      "fat": 6.68,
      "saturatedFat": 0.833,
      "monounsaturatedFat": 1.725,
      "polyunsaturatedFat": 3.236,
      "carbs": 9.99,
      "sugar": 9.16,
      "fiber": 0,
      "protein": 0.39,
      "sodium": 891,
      "cholesterol": 0,
      "vitaminA": 1,
      "vitaminB1": 0.012,
      "vitaminB2": 0.008,
      "vitaminB3": 0.094,
      "vitaminB5": 0,
      "vitaminB6": 0.055,
      "vitaminB9": 3,
      "vitaminB12": 0,
      "vitaminC": 0,
      "vitaminD": 0,
      "vitaminE": 4.28,
      "vitaminK": 12.5,
      "magnesium": 4,
      "calcium": 15,
      "phosphorus": 12,
      "potassium": 90,
      "iron": 0.25,
      "selenium": 1.6,
      "zinc": 0.06,
      "manganese": 0,
      "copper": 0.019,
      "choline": 3.3
    },
    {
      "id": 2012,
      "name": "Light Mayonnaise",
      "categoryId": 2000,
      "energy": 238,
      "fat": 22.22,
      "saturatedFat": 3.446,
      "monounsaturatedFat": 5.01,
      "polyunsaturatedFat": 12.993,
      "carbs": 9.23,
      "sugar": 3.56,
      "fiber": 0,
      "protein": 0.37,
      "sodium": 827,
      "cholesterol": 16,
      "vitaminA": 8,
      "vitaminB1": 0.008,
      "vitaminB2": 0,
      "vitaminB3": 0.01,
      "vitaminB5": 0.058,
      "vitaminB6": 0.002,
      "vitaminB9": 4,
      "vitaminB12": 0,
      "vitaminC": 0,
      "vitaminD": 0,
      "vitaminE": 2.19,
      "vitaminK": 53.7,
      "magnesium": 2,
      "calcium": 6,
      "phosphorus": 15,
      "potassium": 31,
      "iron": 0.14,
      "selenium": 2.6,
      "zinc": 0.07,
      "manganese": 0.007,
      "copper": 0.019,
      "choline": 9,
      "volume": {
        "portionId": "tablespoons",
        "weightInGrams": 15
      }
    },
    {
      "id": 2013,
      "name": "Mayonnaise",
      "categoryId": 2000,
      "energy": 680,
      "fat": 74.85,
      "saturatedFat": 11.703,
      "monounsaturatedFat": 16.843,
      "polyunsaturatedFat": 44.69,
      "carbs": 0.57,
      "sugar": 0.57,
      "fiber": 0,
      "protein": 0.96,
      "sodium": 635,
      "cholesterol": 42,
      "vitaminA": 16,
      "vitaminB1": 0.01,
      "vitaminB2": 0.019,
      "vitaminB3": 0,
      "vitaminB5": 0,
      "vitaminB6": 0.008,
      "vitaminB9": 5,
      "vitaminB12": 0.12,
      "vitaminC": 0,
      "vitaminD": 0.2,
      "vitaminE": 3.28,
      "vitaminK": 163,
      "magnesium": 1,
      "calcium": 8,
      "phosphorus": 21,
      "potassium": 20,
      "iron": 0.21,
      "selenium": 2.3,
      "zinc": 0.15,
      "manganese": 0,
      "copper": 0.019,
      "choline": 34.2
    }
  ]