[
  {
    "id": 401,
    "name": "Wild Atlantic Salmon",
    "categoryId": 400,
    "energy": 142,
    "fat": 6.34,
    "saturatedFat": 0.981,
    "monounsaturatedFat": 2.103,
    "polyunsaturatedFat": 2.539,
    "carbs": 0,
    "sugar": 0,
    "fiber": 0,
    "protein": 19.84,
    "sodium": 44,
    "cholesterol": 55,
    "vitaminA": 12,
    "vitaminB1": 0.226,
    "vitaminB2": 0.38,
    "vitaminB3": 7.86,
    "vitaminB5": 1.664,
    "vitaminB6": 0.818,
    "vitaminB9": 25,
    "vitaminB12": 3.18,
    "vitaminC": 0,
    "vitaminD": 0,
    "vitaminE": 0,
    "vitaminK": 0,
    "magnesium": 29,
    "calcium": 12,
    "phosphorus": 200,
    "potassium": 490,
    "iron": 0.8,
    "selenium": 36.5,
    "zinc": 0.64,
    "manganese": 0.016,
    "copper": 0.25,
    "choline": 0
  },
  {
    "id": 402,
    "name": "Canned Tuna (in water)",
    "categoryId": 400,
    "energy": 128,
    "fat": 2.97,
    "saturatedFat": 0.792,
    "monounsaturatedFat": 0.784,
    "polyunsaturatedFat": 1.109,
    "carbs": 0,
    "sugar": 0,
    "fiber": 0,
    "protein": 23.62,
    "sodium": 377,
    "cholesterol": 42,
    "vitaminA": 6,
    "vitaminB1": 0.008,
    "vitaminB2": 0.044,
    "vitaminB3": 5.799,
    "vitaminB5": 0.124,
    "vitaminB6": 0.217,
    "vitaminB9": 2,
    "vitaminB12": 1.17,
    "vitaminC": 0,
    "vitaminD": 2,
    "vitaminE": 0.85,
    "vitaminK": 2.5,
    "magnesium": 33,
    "calcium": 14,
    "phosphorus": 217,
    "potassium": 237,
    "iron": 0.97,
    "selenium": 65.7,
    "zinc": 0.48,
    "manganese": 0.019,
    "copper": 0.039,
    "choline": 29.3
  },
  {
    "id": 403,
    "name": "Shrimp",
    "categoryId": 400,
    "energy": 85,
    "fat": 0.51,
    "saturatedFat": 0.101,
    "monounsaturatedFat": 0.086,
    "polyunsaturatedFat": 0.152,
    "carbs": 0,
    "sugar": 0,
    "fiber": 0,
    "protein": 20.1,
    "sodium": 119,
    "cholesterol": 161,
    "vitaminA": 0,
    "vitaminB1": 0,
    "vitaminB2": 0,
    "vitaminB3": 0,
    "vitaminB5": 0,
    "vitaminB6": 0,
    "vitaminB9": 0,
    "vitaminB12": 0,
    "vitaminC": 0,
    "vitaminD": 0,
    "vitaminE": 0,
    "vitaminK": 0,
    "magnesium": 35,
    "calcium": 64,
    "phosphorus": 214,
    "potassium": 264,
    "iron": 0.52,
    "selenium": 0,
    "zinc": 1.34,
    "manganese": 0.033,
    "copper": 0.391,
    "choline": 0
  },
  {
    "id": 404,
    "name": "Canned Salmon",
    "categoryId": 400,
    "energy": 137,
    "fat": 5.48,
    "saturatedFat": 1.009,
    "monounsaturatedFat": 1.499,
    "polyunsaturatedFat": 1.497,
    "carbs": 0,
    "sugar": 0,
    "fiber": 0,
    "protein": 20.55,
    "sodium": 403,
    "cholesterol": 59,
    "vitaminA": 25,
    "vitaminB1": 0.025,
    "vitaminB2": 0.19,
    "vitaminB3": 6.776,
    "vitaminB5": 0,
    "vitaminB6": 0.268,
    "vitaminB9": 13,
    "vitaminB12": 4.62,
    "vitaminC": 0,
    "vitaminD": 15,
    "vitaminE": 0.97,
    "vitaminK": 0.4,
    "magnesium": 30,
    "calcium": 220,
    "phosphorus": 338,
    "potassium": 336,
    "iron": 0.64,
    "selenium": 33.9,
    "zinc": 0.79,
    "manganese": 0,
    "copper": 0.071,
    "choline": 86.6
  },
  {
    "id": 405,
    "name": "Atlantic Cod",
    "categoryId": 400,
    "energy": 82,
    "fat": 0.67,
    "saturatedFat": 0.131,
    "monounsaturatedFat": 0.094,
    "polyunsaturatedFat": 0.231,
    "carbs": 0,
    "sugar": 0,
    "fiber": 0,
    "protein": 17.81,
    "sodium": 54,
    "cholesterol": 43,
    "vitaminA": 12,
    "vitaminB1": 0.076,
    "vitaminB2": 0.065,
    "vitaminB3": 2.063,
    "vitaminB5": 0.153,
    "vitaminB6": 0.245,
    "vitaminB9": 7,
    "vitaminB12": 0.91,
    "vitaminC": 1,
    "vitaminD": 0.9,
    "vitaminE": 0.64,
    "vitaminK": 0.1,
    "magnesium": 32,
    "calcium": 16,
    "phosphorus": 203,
    "potassium": 413,
    "iron": 0.38,
    "selenium": 33.1,
    "zinc": 0.45,
    "manganese": 0.015,
    "copper": 0.028,
    "choline": 65.2
  },
  {
    "id": 406,
    "name": "Tilapia",
    "categoryId": 400,
    "energy": 96,
    "fat": 1.7,
    "saturatedFat": 0.585,
    "monounsaturatedFat": 0.498,
    "polyunsaturatedFat": 0.363,
    "carbs": 0,
    "sugar": 0,
    "fiber": 0,
    "protein": 20.08,
    "sodium": 52,
    "cholesterol": 50,
    "vitaminA": 0,
    "vitaminB1": 0.041,
    "vitaminB2": 0.063,
    "vitaminB3": 3.903,
    "vitaminB5": 0.487,
    "vitaminB6": 0.162,
    "vitaminB9": 24,
    "vitaminB12": 1.58,
    "vitaminC": 0,
    "vitaminD": 3.1,
    "vitaminE": 0.4,
    "vitaminK": 1.4,
    "magnesium": 27,
    "calcium": 10,
    "phosphorus": 170,
    "potassium": 302,
    "iron": 0.56,
    "selenium": 41.8,
    "zinc": 0.33,
    "manganese": 0.037,
    "copper": 0.075,
    "choline": 42.5
  },
  {
    "id": 407,
    "name": "Smoked Salmon",
    "categoryId": 400,
    "energy": 117,
    "fat": 4.32,
    "saturatedFat": 0.929,
    "monounsaturatedFat": 2.023,
    "polyunsaturatedFat": 0.995,
    "carbs": 0,
    "sugar": 0,
    "fiber": 0,
    "protein": 18.28,
    "sodium": 672,
    "cholesterol": 23,
    "vitaminA": 26,
    "vitaminB1": 0.023,
    "vitaminB2": 0.101,
    "vitaminB3": 4.72,
    "vitaminB5": 0,
    "vitaminB6": 0.278,
    "vitaminB9": 2,
    "vitaminB12": 3.26,
    "vitaminC": 0,
    "vitaminD": 17.1,
    "vitaminE": 1.35,
    "vitaminK": 0.1,
    "magnesium": 18,
    "calcium": 11,
    "phosphorus": 164,
    "potassium": 175,
    "iron": 0.85,
    "selenium": 32.4,
    "zinc": 0.31,
    "manganese": 0,
    "copper": 0.23,
    "choline": 89
  },
  {
    "id": 408,
    "name": "Cod",
    "categoryId": 400,
    "energy": 82,
    "fat": 0.67,
    "saturatedFat": 0.131,
    "monounsaturatedFat": 0.094,
    "polyunsaturatedFat": 0.231,
    "carbs": 0,
    "sugar": 0,
    "fiber": 0,
    "protein": 17.81,
    "sodium": 54,
    "cholesterol": 43,
    "vitaminA": 12,
    "vitaminB1": 0.076,
    "vitaminB2": 0.065,
    "vitaminB3": 2.063,
    "vitaminB5": 0.153,
    "vitaminB6": 0.245,
    "vitaminB9": 7,
    "vitaminB12": 0.91,
    "vitaminC": 1,
    "vitaminD": 0.9,
    "vitaminE": 0.64,
    "vitaminK": 0.1,
    "magnesium": 32,
    "calcium": 16,
    "phosphorus": 203,
    "potassium": 413,
    "iron": 0.38,
    "selenium": 33.1,
    "zinc": 0.45,
    "manganese": 0.015,
    "copper": 0.028,
    "choline": 65.2
  },
  {
    "id": 409,
    "name": "Halibut",
    "categoryId": 400,
    "energy": 91,
    "fat": 1.33,
    "saturatedFat": 0.292,
    "monounsaturatedFat": 0.471,
    "polyunsaturatedFat": 0.29,
    "carbs": 0,
    "sugar": 0,
    "fiber": 0,
    "protein": 18.56,
    "sodium": 68,
    "cholesterol": 49,
    "vitaminA": 20,
    "vitaminB1": 0.05,
    "vitaminB2": 0.03,
    "vitaminB3": 6.513,
    "vitaminB5": 0.343,
    "vitaminB6": 0.548,
    "vitaminB9": 12,
    "vitaminB12": 1.1,
    "vitaminC": 0,
    "vitaminD": 4.7,
    "vitaminE": 0.61,
    "vitaminK": 0,
    "magnesium": 23,
    "calcium": 7,
    "phosphorus": 236,
    "potassium": 435,
    "iron": 0.16,
    "selenium": 45.6,
    "zinc": 0.36,
    "manganese": 0.011,
    "copper": 0.023,
    "choline": 61.8
  },
  {
    "id": 410,
    "name": "Haddock",
    "categoryId": 400,
    "energy": 74,
    "fat": 0.45,
    "saturatedFat": 0.091,
    "monounsaturatedFat": 0.061,
    "polyunsaturatedFat": 0.166,
    "carbs": 0,
    "sugar": 0,
    "fiber": 0,
    "protein": 16.32,
    "sodium": 213,
    "cholesterol": 54,
    "vitaminA": 17,
    "vitaminB1": 0.02,
    "vitaminB2": 0.057,
    "vitaminB3": 3.363,
    "vitaminB5": 0.403,
    "vitaminB6": 0.281,
    "vitaminB9": 12,
    "vitaminB12": 1.83,
    "vitaminC": 0,
    "vitaminD": 0.5,
    "vitaminE": 0.45,
    "vitaminK": 0.1,
    "magnesium": 21,
    "calcium": 11,
    "phosphorus": 227,
    "potassium": 286,
    "iron": 0.17,
    "selenium": 25.9,
    "zinc": 0.32,
    "manganese": 0.011,
    "copper": 0.021,
    "choline": 65
  },
  {
    "id": 411,
    "name": "Trout",
    "categoryId": 400,
    "energy": 148,
    "fat": 6.61,
    "saturatedFat": 1.149,
    "monounsaturatedFat": 3.254,
    "polyunsaturatedFat": 1.499,
    "carbs": 0,
    "sugar": 0,
    "fiber": 0,
    "protein": 20.77,
    "sodium": 52,
    "cholesterol": 58,
    "vitaminA": 17,
    "vitaminB1": 0.35,
    "vitaminB2": 0.33,
    "vitaminB3": 4.5,
    "vitaminB5": 1.94,
    "vitaminB6": 0.2,
    "vitaminB9": 13,
    "vitaminB12": 7.79,
    "vitaminC": 0.5,
    "vitaminD": 3.9,
    "vitaminE": 0.2,
    "vitaminK": 0.1,
    "magnesium": 22,
    "calcium": 43,
    "phosphorus": 245,
    "potassium": 361,
    "iron": 1.5,
    "selenium": 12.6,
    "zinc": 0.66,
    "manganese": 0.851,
    "copper": 0.188,
    "choline": 65
  },
  {
    "id": 412,
    "name": "Lobster",
    "categoryId": 400,
    "energy": 77,
    "fat": 0.75,
    "saturatedFat": 0.181,
    "monounsaturatedFat": 0.22,
    "polyunsaturatedFat": 0.296,
    "carbs": 0,
    "sugar": 0,
    "fiber": 0,
    "protein": 16.52,
    "sodium": 423,
    "cholesterol": 127,
    "vitaminA": 1,
    "vitaminB1": 0.02,
    "vitaminB2": 0.014,
    "vitaminB3": 1.591,
    "vitaminB5": 1.449,
    "vitaminB6": 0.104,
    "vitaminB9": 10,
    "vitaminB12": 1.25,
    "vitaminC": 0,
    "vitaminD": 0,
    "vitaminE": 0.87,
    "vitaminK": 0,
    "magnesium": 38,
    "calcium": 84,
    "phosphorus": 161,
    "potassium": 200,
    "iron": 0.26,
    "selenium": 63.6,
    "zinc": 3.53,
    "manganese": 0.056,
    "copper": 1.349,
    "choline": 70.3
  },
  {
    "id": 413,
    "name": "Pacific Oyster",
    "categoryId": 400,
    "energy": 81,
    "fat": 2.3,
    "saturatedFat": 0.51,
    "monounsaturatedFat": 0.358,
    "polyunsaturatedFat": 0.894,
    "carbs": 4.95,
    "sugar": 0,
    "fiber": 0,
    "protein": 9.45,
    "sodium": 106,
    "cholesterol": 50,
    "vitaminA": 81,
    "vitaminB1": 0.067,
    "vitaminB2": 0.233,
    "vitaminB3": 2.01,
    "vitaminB5": 0.5,
    "vitaminB6": 0.05,
    "vitaminB9": 10,
    "vitaminB12": 16,
    "vitaminC": 8,
    "vitaminD": 0,
    "vitaminE": 0,
    "vitaminK": 0,
    "magnesium": 22,
    "calcium": 8,
    "phosphorus": 162,
    "potassium": 168,
    "iron": 5.11,
    "selenium": 77,
    "zinc": 16.62,
    "manganese": 0.643,
    "copper": 1.576,
    "choline": 0
  },
  {
    "id": 414,
    "name": "Squid",
    "categoryId": 400,
    "energy": 92,
    "fat": 1.38,
    "saturatedFat": 0.358,
    "monounsaturatedFat": 0.107,
    "polyunsaturatedFat": 0.524,
    "carbs": 3.08,
    "sugar": 0,
    "fiber": 0,
    "protein": 15.58,
    "sodium": 44,
    "cholesterol": 233,
    "vitaminA": 10,
    "vitaminB1": 0.02,
    "vitaminB2": 0.412,
    "vitaminB3": 2.175,
    "vitaminB5": 0.5,
    "vitaminB6": 0.056,
    "vitaminB9": 5,
    "vitaminB12": 1.3,
    "vitaminC": 4.7,
    "vitaminD": 0,
    "vitaminE": 1.2,
    "vitaminK": 0,
    "magnesium": 33,
    "calcium": 32,
    "phosphorus": 221,
    "potassium": 246,
    "iron": 0.68,
    "selenium": 44.8,
    "zinc": 1.53,
    "manganese": 0.035,
    "copper": 1.891,
    "choline": 65
  }
]