[
    {
      "id": 801,
      "name": "Traditional Refried Beans (canned)",
      "categoryId": 800,
      "energy": 90,
      "fat": 2.01,
      "saturatedFat": 0.631,
      "monounsaturatedFat": 0.601,
      "polyunsaturatedFat": 0.543,
      "carbs": 13.55,
      "sugar": 0.54,
      "fiber": 3.7,
      "protein": 4.98,
      "sodium": 370,
      "cholesterol": 0,
      "vitaminA": 0,
      "vitaminB1": 0.076,
      "vitaminB2": 0.079,
      "vitaminB3": 0.367,
      "vitaminB5": 0.189,
      "vitaminB6": 0.103,
      "vitaminB9": 11,
      "vitaminB12": 0,
      "vitaminC": 6,
      "vitaminD": 0,
      "vitaminE": 0.09,
      "vitaminK": 2.1,
      "magnesium": 35,
      "calcium": 29,
      "phosphorus": 92,
      "potassium": 319,
      "iron": 1.44,
      "selenium": 5.8,
      "zinc": 0.58,
      "manganese": 0.289,
      "copper": 0.129,
      "choline": 21.2,
      "volume": {
        "portionId": "cups",
        "weightInGrams": 238
      }
    },
    {
      "id": 802,
      "name": "Pinto Beans (canned)",
      "categoryId": 800,
      "energy": 114,
      "fat": 0.9,
      "saturatedFat": 0.158,
      "monounsaturatedFat": 0.153,
      "polyunsaturatedFat": 0.273,
      "carbs": 20.22,
      "sugar": 0.54,
      "fiber": 5.5,
      "protein": 6.99,
      "sodium": 239,
      "cholesterol": 0,
      "vitaminA": 0,
      "vitaminB1": 0.052,
      "vitaminB2": 0.019,
      "vitaminB3": 0.272,
      "vitaminB5": 0,
      "vitaminB6": 0,
      "vitaminB9": 24,
      "vitaminB12": 0,
      "vitaminC": 0.1,
      "vitaminD": 0,
      "vitaminE": 0,
      "vitaminK": 0,
      "magnesium": 32,
      "calcium": 63,
      "phosphorus": 101,
      "potassium": 274,
      "iron": 1.33,
      "selenium": 0,
      "zinc": 0.61,
      "manganese": 0.383,
      "copper": 0.259,
      "choline": 0
    },
    {
      "id": 803,
      "name": "Peanut Butter",
      "categoryId": 800,
      "energy": 590,
      "fat": 49.9,
      "saturatedFat": 7.716,
      "monounsaturatedFat": 23.582,
      "polyunsaturatedFat": 14.363,
      "carbs": 21.83,
      "sugar": 9.29,
      "fiber": 6.6,
      "protein": 24,
      "sodium": 203,
      "cholesterol": 0,
      "vitaminA": 0,
      "vitaminB1": 0.12,
      "vitaminB2": 0.11,
      "vitaminB3": 13.69,
      "vitaminB5": 0,
      "vitaminB6": 0.45,
      "vitaminB9": 92,
      "vitaminB12": 0,
      "vitaminC": 0,
      "vitaminD": 0,
      "vitaminE": 9.05,
      "vitaminK": 0.6,
      "magnesium": 159,
      "calcium": 41,
      "phosphorus": 317,
      "potassium": 747,
      "iron": 1.9,
      "selenium": 7.5,
      "zinc": 2.78,
      "manganese": 0,
      "copper": 0.515,
      "choline": 63.5,
      "volume": {
        "portionId": "tablespoons",
        "weightInGrams": 16
      }
    },
    {
      "id": 804,
      "name": "Chickpeas (canned)",
      "categoryId": 800,
      "energy": 139,
      "fat": 2.77,
      "saturatedFat": 0.214,
      "monounsaturatedFat": 0.488,
      "polyunsaturatedFat": 0.967,
      "carbs": 22.53,
      "sugar": 4.01,
      "fiber": 6.4,
      "protein": 7.05,
      "sodium": 246,
      "cholesterol": 0,
      "vitaminA": 1,
      "vitaminB1": 0.027,
      "vitaminB2": 0.015,
      "vitaminB3": 0.14,
      "vitaminB5": 0,
      "vitaminB6": 0.116,
      "vitaminB9": 48,
      "vitaminB12": 0,
      "vitaminC": 0.1,
      "vitaminD": 0,
      "vitaminE": 0.29,
      "vitaminK": 3.4,
      "magnesium": 26,
      "calcium": 45,
      "phosphorus": 85,
      "potassium": 126,
      "iron": 1.07,
      "selenium": 3.1,
      "zinc": 0.63,
      "manganese": 0.846,
      "copper": 0.253,
      "choline": 0
    },
    {
      "id": 805,
      "name": "Pinto Beans",
      "categoryId": 800,
      "energy": 347,
      "fat": 1.23,
      "saturatedFat": 0.235,
      "monounsaturatedFat": 0.229,
      "polyunsaturatedFat": 0.407,
      "carbs": 62.55,
      "sugar": 2.11,
      "fiber": 15.5,
      "protein": 21.42,
      "sodium": 12,
      "cholesterol": 0,
      "vitaminA": 0,
      "vitaminB1": 0.713,
      "vitaminB2": 0.212,
      "vitaminB3": 1.174,
      "vitaminB5": 0.785,
      "vitaminB6": 0.474,
      "vitaminB9": 525,
      "vitaminB12": 0,
      "vitaminC": 6.3,
      "vitaminD": 0,
      "vitaminE": 0.21,
      "vitaminK": 5.6,
      "magnesium": 176,
      "calcium": 113,
      "phosphorus": 411,
      "potassium": 1393,
      "iron": 5.07,
      "selenium": 27.9,
      "zinc": 2.28,
      "manganese": 1.148,
      "copper": 0.893,
      "choline": 66.2,
      "volume": {
        "portionId": "tablespoons",
        "weightInGrams": 12
      }
    },
    {
      "id": 806,
      "name": "White Beans",
      "categoryId": 800,
      "energy": 333,
      "fat": 0.85,
      "saturatedFat": 0.219,
      "monounsaturatedFat": 0.074,
      "polyunsaturatedFat": 0.364,
      "carbs": 60.27,
      "sugar": 2.11,
      "fiber": 15.2,
      "protein": 23.36,
      "sodium": 16,
      "cholesterol": 0,
      "vitaminA": 0,
      "vitaminB1": 0.437,
      "vitaminB2": 0.146,
      "vitaminB3": 0.479,
      "vitaminB5": 0.732,
      "vitaminB6": 0.318,
      "vitaminB9": 388,
      "vitaminB12": 0,
      "vitaminC": 0,
      "vitaminD": 0,
      "vitaminE": 0.21,
      "vitaminK": 5.6,
      "magnesium": 190,
      "calcium": 240,
      "phosphorus": 301,
      "potassium": 1795,
      "iron": 10.44,
      "selenium": 12.8,
      "zinc": 3.67,
      "manganese": 1.796,
      "copper": 0.984,
      "choline": 66.2,
      "volume": {
        "portionId": "tablespoons",
        "weightInGrams": 12.6
      }
    },
    {
      "id": 807,
      "name": "Red Beans",
      "categoryId": 800,
      "energy": 337,
      "fat": 1.06,
      "saturatedFat": 0.154,
      "monounsaturatedFat": 0.082,
      "polyunsaturatedFat": 0.586,
      "carbs": 61.29,
      "sugar": 2.1,
      "fiber": 15.2,
      "protein": 22.53,
      "sodium": 12,
      "cholesterol": 0,
      "vitaminA": 0,
      "vitaminB1": 0.608,
      "vitaminB2": 0.215,
      "vitaminB3": 2.11,
      "vitaminB5": 0.78,
      "vitaminB6": 0.397,
      "vitaminB9": 394,
      "vitaminB12": 0,
      "vitaminC": 4.5,
      "vitaminD": 0,
      "vitaminE": 0.21,
      "vitaminK": 5.6,
      "magnesium": 138,
      "calcium": 83,
      "phosphorus": 406,
      "potassium": 1359,
      "iron": 6.69,
      "selenium": 3.2,
      "zinc": 2.79,
      "manganese": 1.111,
      "copper": 0.699,
      "choline": 65.9,
      "volume": {
        "portionId": "cups",
        "weightInGrams": 184
      }
    },
    {
      "id": 808,
      "name": "Black Beans",
      "categoryId": 800,
      "energy": 341,
      "fat": 1.42,
      "saturatedFat": 0.366,
      "monounsaturatedFat": 0.123,
      "polyunsaturatedFat": 0.61,
      "carbs": 62.36,
      "sugar": 2.12,
      "fiber": 15.5,
      "protein": 21.6,
      "sodium": 5,
      "cholesterol": 0,
      "vitaminA": 0,
      "vitaminB1": 0.9,
      "vitaminB2": 0.193,
      "vitaminB3": 1.955,
      "vitaminB5": 0.899,
      "vitaminB6": 0.286,
      "vitaminB9": 444,
      "vitaminB12": 0,
      "vitaminC": 0,
      "vitaminD": 0,
      "vitaminE": 0.21,
      "vitaminK": 5.6,
      "magnesium": 171,
      "calcium": 123,
      "phosphorus": 352,
      "potassium": 1483,
      "iron": 5.02,
      "selenium": 3.2,
      "zinc": 3.65,
      "manganese": 1.06,
      "copper": 0.841,
      "choline": 66.4,
      "volume": {
        "portionId": "cups",
        "weightInGrams": 194
      }
    },
    {
      "id": 809,
      "name": "Adzuki Beans",
      "categoryId": 800,
      "energy": 329,
      "fat": 0.53,
      "saturatedFat": 0.191,
      "monounsaturatedFat": 0.05,
      "polyunsaturatedFat": 0.113,
      "carbs": 62.9,
      "sugar": 0,
      "fiber": 12.7,
      "protein": 19.87,
      "sodium": 5,
      "cholesterol": 0,
      "vitaminA": 1,
      "vitaminB1": 0.455,
      "vitaminB2": 0.22,
      "vitaminB3": 2.63,
      "vitaminB5": 1.471,
      "vitaminB6": 0.351,
      "vitaminB9": 622,
      "vitaminB12": 0,
      "vitaminC": 0,
      "vitaminD": 0,
      "vitaminE": 0,
      "vitaminK": 0,
      "magnesium": 127,
      "calcium": 66,
      "phosphorus": 381,
      "potassium": 1254,
      "iron": 4.98,
      "selenium": 3.1,
      "zinc": 5.04,
      "manganese": 1.73,
      "copper": 1.094,
      "choline": 0,
      "volume": {
        "portionId": "cups",
        "weightInGrams": 197
      }
    },
    {
      "id": 810,
      "name": "Lima Beans",
      "categoryId": 800,
      "energy": 338,
      "fat": 0.69,
      "saturatedFat": 0.161,
      "monounsaturatedFat": 0.062,
      "polyunsaturatedFat": 0.309,
      "carbs": 63.38,
      "sugar": 8.5,
      "fiber": 19,
      "protein": 21.46,
      "sodium": 18,
      "cholesterol": 0,
      "vitaminA": 0,
      "vitaminB1": 0.507,
      "vitaminB2": 0.202,
      "vitaminB3": 1.537,
      "vitaminB5": 1.355,
      "vitaminB6": 0.512,
      "vitaminB9": 395,
      "vitaminB12": 0,
      "vitaminC": 0,
      "vitaminD": 0,
      "vitaminE": 0.72,
      "vitaminK": 6,
      "magnesium": 224,
      "calcium": 81,
      "phosphorus": 385,
      "potassium": 1724,
      "iron": 7.51,
      "selenium": 7.2,
      "zinc": 2.83,
      "manganese": 1.672,
      "copper": 0.74,
      "choline": 96.7,
      "volume": {
        "portionId": "cups",
        "weightInGrams": 178
      }
    },
    {
      "id": 811,
      "name": "Kidney Beans",
      "categoryId": 800,
      "energy": 333,
      "fat": 0.83,
      "saturatedFat": 0.12,
      "monounsaturatedFat": 0.064,
      "polyunsaturatedFat": 0.457,
      "carbs": 60.01,
      "sugar": 2.23,
      "fiber": 24.9,
      "protein": 23.58,
      "sodium": 24,
      "cholesterol": 0,
      "vitaminA": 0,
      "vitaminB1": 0.529,
      "vitaminB2": 0.219,
      "vitaminB3": 2.06,
      "vitaminB5": 0.78,
      "vitaminB6": 0.397,
      "vitaminB9": 394,
      "vitaminB12": 0,
      "vitaminC": 4.5,
      "vitaminD": 0,
      "vitaminE": 0.22,
      "vitaminK": 19,
      "magnesium": 140,
      "calcium": 143,
      "phosphorus": 407,
      "potassium": 1406,
      "iron": 8.2,
      "selenium": 3.2,
      "zinc": 2.79,
      "manganese": 1.021,
      "copper": 0.958,
      "choline": 0,
      "volume": {
        "portionId": "cups",
        "weightInGrams": 184
      }
    },
    {
      "id": 812,
      "name": "Soybeans",
      "categoryId": 800,
      "energy": 446,
      "fat": 19.94,
      "saturatedFat": 2.884,
      "monounsaturatedFat": 4.404,
      "polyunsaturatedFat": 11.255,
      "carbs": 30.16,
      "sugar": 7.33,
      "fiber": 9.3,
      "protein": 36.49,
      "sodium": 2,
      "cholesterol": 0,
      "vitaminA": 1,
      "vitaminB1": 0.874,
      "vitaminB2": 0.87,
      "vitaminB3": 1.623,
      "vitaminB5": 0.793,
      "vitaminB6": 0.377,
      "vitaminB9": 375,
      "vitaminB12": 0,
      "vitaminC": 6,
      "vitaminD": 0,
      "vitaminE": 0.85,
      "vitaminK": 47,
      "magnesium": 280,
      "calcium": 277,
      "phosphorus": 704,
      "potassium": 1797,
      "iron": 15.7,
      "selenium": 17.8,
      "zinc": 4.89,
      "manganese": 2.517,
      "copper": 1.658,
      "choline": 115.9,
      "volume": {
        "portionId": "cups",
        "weightInGrams": 186
      }
    },
    {
      "id": 813,
      "name": "Hummus",
      "categoryId": 800,
      "energy": 237,
      "fat": 17.82,
      "saturatedFat": 2.562,
      "monounsaturatedFat": 5.34,
      "polyunsaturatedFat": 8.812,
      "carbs": 15,
      "sugar": 0.62,
      "fiber": 5.5,
      "protein": 7.78,
      "sodium": 426,
      "cholesterol": 0,
      "vitaminA": 1,
      "vitaminB1": 0.16,
      "vitaminB2": 0.127,
      "vitaminB3": 1.024,
      "vitaminB5": 0.346,
      "vitaminB6": 0.146,
      "vitaminB9": 48,
      "vitaminB12": 0,
      "vitaminC": 0,
      "vitaminD": 0,
      "vitaminE": 1.54,
      "vitaminK": 22.8,
      "magnesium": 75,
      "calcium": 47,
      "phosphorus": 181,
      "potassium": 312,
      "iron": 2.54,
      "selenium": 4.7,
      "zinc": 1.44,
      "manganese": 1.155,
      "copper": 0.377,
      "choline": 0,
      "volume": {
        "portionId": "tablespoons",
        "weightInGrams": 15
      }
    },
    {
      "id": 814,
      "name": "PBfit Peanut Butter Powder",
      "categoryId": 800,
      "energy": 438,
      "fat": 12.5,
      "saturatedFat": 0,
      "monounsaturatedFat": 0,
      "polyunsaturatedFat": 0,
      "carbs": 31.25,
      "sugar": 18.75,
      "fiber": 18.8,
      "protein": 50,
      "sodium": 781,
      "cholesterol": 0,
      "vitaminA": 0,
      "vitaminB1": 0,
      "vitaminB2": 0,
      "vitaminB3": 0,
      "vitaminB5": 0,
      "vitaminB6": 0,
      "vitaminB9": 0,
      "vitaminB12": 0,
      "vitaminC": 0,
      "vitaminD": 0,
      "vitaminE": 0,
      "vitaminK": 0,
      "magnesium": 0,
      "calcium": 238,
      "phosphorus": 388,
      "potassium": 775,
      "iron": 5,
      "selenium": 0,
      "zinc": 0,
      "manganese": 0,
      "copper": 0,
      "choline": 0,
      "url": "https://pbfit.com/product/pbfit-original/"
    },
    {
      "id": 815,
      "name": "PB2 Powdered Peanut Butter",
      "categoryId": 800,
      "energy": 462,
      "fat": 11.54,
      "saturatedFat": 0,
      "monounsaturatedFat": 0,
      "polyunsaturatedFat": 0,
      "carbs": 38.46,
      "sugar": 15.38,
      "fiber": 7.7,
      "protein": 46.15,
      "sodium": 692308,
      "cholesterol": 0,
      "vitaminA": 0,
      "vitaminB1": 0,
      "vitaminB2": 0,
      "vitaminB3": 0,
      "vitaminB5": 0,
      "vitaminB6": 0,
      "vitaminB9": 0,
      "vitaminB12": 0,
      "vitaminC": 0,
      "vitaminD": 0,
      "vitaminE": 0,
      "vitaminK": 0,
      "magnesium": 0,
      "calcium": 77,
      "phosphorus": 0,
      "potassium": 1154,
      "iron": 3.08,
      "selenium": 0,
      "zinc": 0,
      "manganese": 0,
      "copper": 0,
      "choline": 0,
      "url": "https://shop.pb2foods.com/products/pb2-original-powdered-peanut-butter-peanut-butter-powder"
    },
    {
      "id": 816,
      "name": "Lentils",
      "categoryId": 800,
      "energy": 352,
      "fat": 1.06,
      "saturatedFat": 0.154,
      "monounsaturatedFat": 0.193,
      "polyunsaturatedFat": 0.526,
      "carbs": 63.35,
      "sugar": 2.03,
      "fiber": 10.7,
      "protein": 24.63,
      "sodium": 6,
      "cholesterol": 0,
      "vitaminA": 2,
      "vitaminB1": 0.873,
      "vitaminB2": 0.211,
      "vitaminB3": 2.605,
      "vitaminB5": 2.14,
      "vitaminB6": 0.54,
      "vitaminB9": 479,
      "vitaminB12": 0,
      "vitaminC": 4.5,
      "vitaminD": 0,
      "vitaminE": 0.49,
      "vitaminK": 5,
      "magnesium": 47,
      "calcium": 35,
      "phosphorus": 281,
      "potassium": 677,
      "iron": 6.51,
      "selenium": 0.1,
      "zinc": 3.27,
      "manganese": 1.393,
      "copper": 0.754,
      "choline": 96.4,
      "volume": {
        "portionId": "tablespoons",
        "weightInGrams": 12
      }
    },
    {
      "id": 817,
      "name": "Peanuts",
      "categoryId": 800,
      "energy": 567,
      "fat": 49.24,
      "saturatedFat": 6.279,
      "monounsaturatedFat": 24.426,
      "polyunsaturatedFat": 15.558,
      "carbs": 16.13,
      "sugar": 4.72,
      "fiber": 8.5,
      "protein": 25.8,
      "sodium": 18,
      "cholesterol": 0,
      "vitaminA": 0,
      "vitaminB1": 0.64,
      "vitaminB2": 0.135,
      "vitaminB3": 12.066,
      "vitaminB5": 1.767,
      "vitaminB6": 0.348,
      "vitaminB9": 240,
      "vitaminB12": 0,
      "vitaminC": 0,
      "vitaminD": 0,
      "vitaminE": 8.33,
      "vitaminK": 0,
      "magnesium": 168,
      "calcium": 92,
      "phosphorus": 376,
      "potassium": 705,
      "iron": 4.58,
      "selenium": 7.2,
      "zinc": 3.27,
      "manganese": 1.934,
      "copper": 1.144,
      "choline": 52.5,
      "volume": {
        "portionId": "cups",
        "weightInGrams": 146
      }
    },
    {
      "id": 818,
      "name": "Tofu",
      "categoryId": 800,
      "energy": 76,
      "fat": 4.78,
      "saturatedFat": 0.691,
      "monounsaturatedFat": 1.056,
      "polyunsaturatedFat": 2.699,
      "carbs": 1.87,
      "sugar": 0.62,
      "fiber": 0.3,
      "protein": 8.08,
      "sodium": 7,
      "cholesterol": 0,
      "vitaminA": 0,
      "vitaminB1": 0.081,
      "vitaminB2": 0.052,
      "vitaminB3": 0.195,
      "vitaminB5": 0.068,
      "vitaminB6": 0.047,
      "vitaminB9": 15,
      "vitaminB12": 0,
      "vitaminC": 0.1,
      "vitaminD": 0,
      "vitaminE": 0.01,
      "vitaminK": 2.4,
      "magnesium": 30,
      "calcium": 350,
      "phosphorus": 97,
      "potassium": 121,
      "iron": 5.36,
      "selenium": 8.9,
      "zinc": 0.8,
      "manganese": 0.605,
      "copper": 0.193,
      "choline": 28.8,
      "volume": {
        "portionId": "cups",
        "weightInGrams": 124
      }
    }
  ]