[
    {
      "id": 1001,
      "name": "Sunflower Seeds",
      "categoryId": 1000,
      "energy": 584,
      "fat": 51.46,
      "saturatedFat": 4.455,
      "monounsaturatedFat": 18.528,
      "polyunsaturatedFat": 23.137,
      "carbs": 20,
      "sugar": 2.62,
      "fiber": 8.6,
      "protein": 20.78,
      "sodium": 9,
      "cholesterol": 0,
      "vitaminA": 3,
      "vitaminB1": 1.48,
      "vitaminB2": 0.355,
      "vitaminB3": 8.335,
      "vitaminB5": 1.13,
      "vitaminB6": 1.345,
      "vitaminB9": 227,
      "vitaminB12": 0,
      "vitaminC": 1.4,
      "vitaminD": 0,
      "vitaminE": 35.17,
      "vitaminK": 0,
      "magnesium": 325,
      "calcium": 78,
      "phosphorus": 660,
      "potassium": 645,
      "iron": 5.25,
      "selenium": 53,
      "zinc": 5,
      "manganese": 1.95,
      "copper": 1.8,
      "choline": 55.1,
      "volume": {
        "portionId": "cups",
        "weightInGrams": 140
      }
    },
    {
      "id": 1002,
      "name": "Pumpkin Seeds",
      "categoryId": 1000,
      "energy": 559,
      "fat": 49.05,
      "saturatedFat": 8.659,
      "monounsaturatedFat": 16.242,
      "polyunsaturatedFat": 20.976,
      "carbs": 10.71,
      "sugar": 1.4,
      "fiber": 6,
      "protein": 30.23,
      "sodium": 7,
      "cholesterol": 0,
      "vitaminA": 1,
      "vitaminB1": 0.273,
      "vitaminB2": 0.153,
      "vitaminB3": 4.987,
      "vitaminB5": 0.75,
      "vitaminB6": 0.143,
      "vitaminB9": 58,
      "vitaminB12": 0,
      "vitaminC": 1.9,
      "vitaminD": 0,
      "vitaminE": 2.18,
      "vitaminK": 7.3,
      "magnesium": 592,
      "calcium": 46,
      "phosphorus": 1233,
      "potassium": 809,
      "iron": 8.82,
      "selenium": 9.4,
      "zinc": 7.81,
      "manganese": 4.543,
      "copper": 1.343,
      "choline": 63,
      "volume": {
        "portionId": "cups",
        "weightInGrams": 129
      }
    },
    {
      "id": 1003,
      "name": "Chia Seeds",
      "categoryId": 1000,
      "energy": 486,
      "fat": 30.74,
      "saturatedFat": 3.33,
      "monounsaturatedFat": 2.309,
      "polyunsaturatedFat": 23.665,
      "carbs": 42.12,
      "sugar": 0,
      "fiber": 34.4,
      "protein": 16.54,
      "sodium": 16,
      "cholesterol": 0,
      "vitaminA": 0,
      "vitaminB1": 0.62,
      "vitaminB2": 0.17,
      "vitaminB3": 8.83,
      "vitaminB5": 0,
      "vitaminB6": 0,
      "vitaminB9": 49,
      "vitaminB12": 0,
      "vitaminC": 1.6,
      "vitaminD": 0,
      "vitaminE": 0.5,
      "vitaminK": 0,
      "magnesium": 335,
      "calcium": 631,
      "phosphorus": 860,
      "potassium": 407,
      "iron": 7.72,
      "selenium": 55.2,
      "zinc": 4.58,
      "manganese": 2.723,
      "copper": 0.924,
      "choline": 0
    },
    {
      "id": 1004,
      "name": "Sesame Seeds",
      "categoryId": 1000,
      "energy": 573,
      "fat": 49.67,
      "saturatedFat": 6.957,
      "monounsaturatedFat": 18.759,
      "polyunsaturatedFat": 21.773,
      "carbs": 23.45,
      "sugar": 0.3,
      "fiber": 11.8,
      "protein": 17.73,
      "sodium": 11,
      "cholesterol": 0,
      "vitaminA": 0,
      "vitaminB1": 0.791,
      "vitaminB2": 0.247,
      "vitaminB3": 4.515,
      "vitaminB5": 0.05,
      "vitaminB6": 0.79,
      "vitaminB9": 97,
      "vitaminB12": 0,
      "vitaminC": 0,
      "vitaminD": 0,
      "vitaminE": 0.25,
      "vitaminK": 0,
      "magnesium": 351,
      "calcium": 975,
      "phosphorus": 629,
      "potassium": 468,
      "iron": 14.55,
      "selenium": 34.4,
      "zinc": 7.75,
      "manganese": 2.46,
      "copper": 4.082,
      "choline": 25.6,
      "volume": {
        "portionId": "cups",
        "weightInGrams": 144
      }
    },
    {
      "id": 1005,
      "name": "Coconut Flakes",
      "categoryId": 1000,
      "energy": 456,
      "fat": 27.99,
      "saturatedFat": 26.396,
      "monounsaturatedFat": 1.377,
      "polyunsaturatedFat": 0.222,
      "carbs": 51.85,
      "sugar": 36.75,
      "fiber": 9.9,
      "protein": 3.13,
      "sodium": 285,
      "cholesterol": 0,
      "vitaminA": 0,
      "vitaminB1": 0.015,
      "vitaminB2": 0.015,
      "vitaminB3": 0.697,
      "vitaminB5": 0.14,
      "vitaminB6": 0.03,
      "vitaminB9": 3,
      "vitaminB12": 0,
      "vitaminC": 0,
      "vitaminD": 0,
      "vitaminE": 0,
      "vitaminK": 0,
      "magnesium": 51,
      "calcium": 11,
      "phosphorus": 100,
      "potassium": 361,
      "iron": 1.51,
      "selenium": 16.1,
      "zinc": 0.71,
      "manganese": 0.959,
      "copper": 0.295,
      "choline": 19.3,
      "volume": {
        "portionId": "cups",
        "weightInGrams": 85
      }
    },
    {
      "id": 1006,
      "name": "Almond Butter",
      "categoryId": 1000,
      "energy": 614,
      "fat": 55.5,
      "saturatedFat": 4.152,
      "monounsaturatedFat": 32.445,
      "polyunsaturatedFat": 13.613,
      "carbs": 18.82,
      "sugar": 4.43,
      "fiber": 10.3,
      "protein": 20.96,
      "sodium": 7,
      "cholesterol": 0,
      "vitaminA": 0,
      "vitaminB1": 0.041,
      "vitaminB2": 0.939,
      "vitaminB3": 3.155,
      "vitaminB5": 0.318,
      "vitaminB6": 0.103,
      "vitaminB9": 53,
      "vitaminB12": 0,
      "vitaminC": 0,
      "vitaminD": 0,
      "vitaminE": 24.21,
      "vitaminK": 0,
      "magnesium": 279,
      "calcium": 347,
      "phosphorus": 508,
      "potassium": 748,
      "iron": 3.49,
      "selenium": 2.4,
      "zinc": 3.29,
      "manganese": 2.131,
      "copper": 0.934,
      "choline": 52.1,
      "volume": {
        "portionId": "tablespoons",
        "weightInGrams": 16
      }
    },
    {
      "id": 1007,
      "name": "Cashews",
      "categoryId": 1000,
      "energy": 553,
      "fat": 43.85,
      "saturatedFat": 7.783,
      "monounsaturatedFat": 23.797,
      "polyunsaturatedFat": 7.845,
      "carbs": 30.19,
      "sugar": 5.91,
      "fiber": 3.3,
      "protein": 18.22,
      "sodium": 12,
      "cholesterol": 0,
      "vitaminA": 0,
      "vitaminB1": 0.423,
      "vitaminB2": 0.058,
      "vitaminB3": 1.062,
      "vitaminB5": 0.864,
      "vitaminB6": 0.417,
      "vitaminB9": 25,
      "vitaminB12": 0,
      "vitaminC": 0.5,
      "vitaminD": 0,
      "vitaminE": 0.9,
      "vitaminK": 34.1,
      "magnesium": 292,
      "calcium": 37,
      "phosphorus": 593,
      "potassium": 660,
      "iron": 6.68,
      "selenium": 19.9,
      "zinc": 5.78,
      "manganese": 1.655,
      "copper": 2.195,
      "choline": 0
    },
    {
      "id": 1008,
      "name": "Pine Nuts",
      "categoryId": 1000,
      "energy": 673,
      "fat": 68.37,
      "saturatedFat": 4.899,
      "monounsaturatedFat": 18.764,
      "polyunsaturatedFat": 34.071,
      "carbs": 13.08,
      "sugar": 3.59,
      "fiber": 3.7,
      "protein": 13.69,
      "sodium": 2,
      "cholesterol": 0,
      "vitaminA": 1,
      "vitaminB1": 0.364,
      "vitaminB2": 0.227,
      "vitaminB3": 4.387,
      "vitaminB5": 0.313,
      "vitaminB6": 0.094,
      "vitaminB9": 34,
      "vitaminB12": 0,
      "vitaminC": 0.8,
      "vitaminD": 0,
      "vitaminE": 9.33,
      "vitaminK": 53.9,
      "magnesium": 251,
      "calcium": 16,
      "phosphorus": 575,
      "potassium": 597,
      "iron": 5.53,
      "selenium": 0.7,
      "zinc": 6.45,
      "manganese": 8.802,
      "copper": 1.324,
      "choline": 55.8,
      "volume": {
        "portionId": "cups",
        "weightInGrams": 135
      }
    },
    {
      "id": 1009,
      "name": "Flaxseed",
      "categoryId": 1000,
      "energy": 534,
      "fat": 42.16,
      "saturatedFat": 3.663,
      "monounsaturatedFat": 7.527,
      "polyunsaturatedFat": 28.73,
      "carbs": 28.88,
      "sugar": 1.55,
      "fiber": 27.3,
      "protein": 18.29,
      "sodium": 30,
      "cholesterol": 0,
      "vitaminA": 0,
      "vitaminB1": 1.644,
      "vitaminB2": 0.161,
      "vitaminB3": 3.08,
      "vitaminB5": 0.985,
      "vitaminB6": 0.473,
      "vitaminB9": 87,
      "vitaminB12": 0,
      "vitaminC": 0.6,
      "vitaminD": 0,
      "vitaminE": 0.31,
      "vitaminK": 4.3,
      "magnesium": 392,
      "calcium": 255,
      "phosphorus": 642,
      "potassium": 813,
      "iron": 5.73,
      "selenium": 25.4,
      "zinc": 4.34,
      "manganese": 2.482,
      "copper": 1.22,
      "choline": 78.7,
      "volume": {
        "portionId": "teaspoons",
        "weightInGrams": 2.5
      }
    },
    {
      "id": 1010,
      "name": "Almonds",
      "categoryId": 1000,
      "energy": 579,
      "fat": 49.93,
      "saturatedFat": 3.802,
      "monounsaturatedFat": 31.551,
      "polyunsaturatedFat": 12.329,
      "carbs": 21.55,
      "sugar": 4.35,
      "fiber": 12.5,
      "protein": 21.15,
      "sodium": 1,
      "cholesterol": 0,
      "vitaminA": 0,
      "vitaminB1": 0.205,
      "vitaminB2": 1.138,
      "vitaminB3": 3.618,
      "vitaminB5": 0.471,
      "vitaminB6": 0.137,
      "vitaminB9": 44,
      "vitaminB12": 0,
      "vitaminC": 0,
      "vitaminD": 0,
      "vitaminE": 25.63,
      "vitaminK": 0,
      "magnesium": 270,
      "calcium": 269,
      "phosphorus": 481,
      "potassium": 733,
      "iron": 3.71,
      "selenium": 4.1,
      "zinc": 3.12,
      "manganese": 2.179,
      "copper": 1.031,
      "choline": 52.1,
      "volume": {
        "portionId": "cups",
        "weightInGrams": 143
      }
    },
    {
      "id": 1011,
      "name": "Hazelnut",
      "categoryId": 1000,
      "energy": 628,
      "fat": 60.75,
      "saturatedFat": 4.464,
      "monounsaturatedFat": 45.652,
      "polyunsaturatedFat": 7.92,
      "carbs": 16.7,
      "sugar": 4.34,
      "fiber": 9.7,
      "protein": 14.95,
      "sodium": 0,
      "cholesterol": 0,
      "vitaminA": 1,
      "vitaminB1": 0.643,
      "vitaminB2": 0.113,
      "vitaminB3": 1.8,
      "vitaminB5": 0.918,
      "vitaminB6": 0.563,
      "vitaminB9": 113,
      "vitaminB12": 0,
      "vitaminC": 6.3,
      "vitaminD": 0,
      "vitaminE": 15.03,
      "vitaminK": 14.2,
      "magnesium": 163,
      "calcium": 114,
      "phosphorus": 290,
      "potassium": 680,
      "iron": 4.7,
      "selenium": 2.4,
      "zinc": 2.45,
      "manganese": 6.175,
      "copper": 1.725,
      "choline": 45.6,
      "volume": {
        "portionId": "cups",
        "weightInGrams": 115
      }
    },
    {
      "id": 1012,
      "name": "Macadamia",
      "categoryId": 1000,
      "energy": 718,
      "fat": 75.77,
      "saturatedFat": 12.061,
      "monounsaturatedFat": 58.877,
      "polyunsaturatedFat": 1.502,
      "carbs": 13.82,
      "sugar": 4.57,
      "fiber": 8.6,
      "protein": 7.91,
      "sodium": 5,
      "cholesterol": 0,
      "vitaminA": 0,
      "vitaminB1": 1.195,
      "vitaminB2": 0.162,
      "vitaminB3": 2.473,
      "vitaminB5": 0.758,
      "vitaminB6": 0.275,
      "vitaminB9": 11,
      "vitaminB12": 0,
      "vitaminC": 1.2,
      "vitaminD": 0,
      "vitaminE": 0.54,
      "vitaminK": 0,
      "magnesium": 130,
      "calcium": 85,
      "phosphorus": 188,
      "potassium": 368,
      "iron": 3.69,
      "selenium": 3.6,
      "zinc": 1.3,
      "manganese": 4.131,
      "copper": 0.756,
      "choline": 0,
      "volume": {
        "portionId": "cups",
        "weightInGrams": 134
      }
    },
    {
      "id": 1013,
      "name": "Pistachios",
      "categoryId": 1000,
      "energy": 560,
      "fat": 45.32,
      "saturatedFat": 5.907,
      "monounsaturatedFat": 23.257,
      "polyunsaturatedFat": 14.38,
      "carbs": 27.17,
      "sugar": 7.66,
      "fiber": 10.6,
      "protein": 20.16,
      "sodium": 1,
      "cholesterol": 0,
      "vitaminA": 26,
      "vitaminB1": 0.87,
      "vitaminB2": 0.16,
      "vitaminB3": 1.3,
      "vitaminB5": 0.52,
      "vitaminB6": 1.7,
      "vitaminB9": 51,
      "vitaminB12": 0,
      "vitaminC": 5.6,
      "vitaminD": 0,
      "vitaminE": 2.86,
      "vitaminK": 0,
      "magnesium": 121,
      "calcium": 105,
      "phosphorus": 490,
      "potassium": 1025,
      "iron": 3.92,
      "selenium": 7,
      "zinc": 2.2,
      "manganese": 1.2,
      "copper": 1.3,
      "choline": 0,
      "volume": {
        "portionId": "cups",
        "weightInGrams": 123
      }
    },
    {
      "id": 1014,
      "name": "Pecans",
      "categoryId": 1000,
      "energy": 691,
      "fat": 71.97,
      "saturatedFat": 6.18,
      "monounsaturatedFat": 40.801,
      "polyunsaturatedFat": 21.614,
      "carbs": 13.86,
      "sugar": 3.97,
      "fiber": 9.6,
      "protein": 9.17,
      "sodium": 0,
      "cholesterol": 0,
      "vitaminA": 3,
      "vitaminB1": 0.66,
      "vitaminB2": 0.13,
      "vitaminB3": 1.167,
      "vitaminB5": 0.863,
      "vitaminB6": 0.21,
      "vitaminB9": 22,
      "vitaminB12": 0,
      "vitaminC": 1.1,
      "vitaminD": 0,
      "vitaminE": 1.4,
      "vitaminK": 3.5,
      "magnesium": 121,
      "calcium": 70,
      "phosphorus": 277,
      "potassium": 410,
      "iron": 2.53,
      "selenium": 3.8,
      "zinc": 4.53,
      "manganese": 4.5,
      "copper": 1.2,
      "choline": 40.5,
      "volume": {
        "portionId": "cups",
        "weightInGrams": 109
      }
    },
    {
      "id": 1015,
      "name": "Walnuts",
      "categoryId": 1000,
      "energy": 654,
      "fat": 65.21,
      "saturatedFat": 6.126,
      "monounsaturatedFat": 8.933,
      "polyunsaturatedFat": 47.174,
      "carbs": 13.71,
      "sugar": 2.61,
      "fiber": 6.7,
      "protein": 15.23,
      "sodium": 2,
      "cholesterol": 0,
      "vitaminA": 1,
      "vitaminB1": 0.341,
      "vitaminB2": 0.15,
      "vitaminB3": 1.125,
      "vitaminB5": 0.57,
      "vitaminB6": 0.537,
      "vitaminB9": 98,
      "vitaminB12": 0,
      "vitaminC": 1.3,
      "vitaminD": 0,
      "vitaminE": 0.7,
      "vitaminK": 2.7,
      "magnesium": 158,
      "calcium": 98,
      "phosphorus": 346,
      "potassium": 441,
      "iron": 2.91,
      "selenium": 4.9,
      "zinc": 3.09,
      "manganese": 3.414,
      "copper": 1.586,
      "choline": 39.2,
      "volume": {
        "portionId": "cups",
        "weightInGrams": 80
      }
    },
    {
      "id": 1016,
      "name": "Sunflower Seeds",
      "categoryId": 1000,
      "energy": 584,
      "fat": 51.46,
      "saturatedFat": 4.455,
      "monounsaturatedFat": 18.528,
      "polyunsaturatedFat": 23.137,
      "carbs": 20,
      "sugar": 2.62,
      "fiber": 8.6,
      "protein": 20.78,
      "sodium": 9,
      "cholesterol": 0,
      "vitaminA": 3,
      "vitaminB1": 1.48,
      "vitaminB2": 0.355,
      "vitaminB3": 8.335,
      "vitaminB5": 1.13,
      "vitaminB6": 1.345,
      "vitaminB9": 227,
      "vitaminB12": 0,
      "vitaminC": 1.4,
      "vitaminD": 0,
      "vitaminE": 35.17,
      "vitaminK": 0,
      "magnesium": 325,
      "calcium": 78,
      "phosphorus": 660,
      "potassium": 645,
      "iron": 5.25,
      "selenium": 53,
      "zinc": 5,
      "manganese": 1.95,
      "copper": 1.8,
      "choline": 55.1,
      "volume": {
        "portionId": "cups",
        "weightInGrams": 140
      }
    },
    {
      "id": 1017,
      "name": "Pumpkin Seeds",
      "categoryId": 1000,
      "energy": 559,
      "fat": 49.05,
      "saturatedFat": 8.659,
      "monounsaturatedFat": 16.242,
      "polyunsaturatedFat": 20.976,
      "carbs": 10.71,
      "sugar": 1.4,
      "fiber": 6,
      "protein": 30.23,
      "sodium": 7,
      "cholesterol": 0,
      "vitaminA": 1,
      "vitaminB1": 0.273,
      "vitaminB2": 0.153,
      "vitaminB3": 4.987,
      "vitaminB5": 0.75,
      "vitaminB6": 0.143,
      "vitaminB9": 58,
      "vitaminB12": 0,
      "vitaminC": 1.9,
      "vitaminD": 0,
      "vitaminE": 2.18,
      "vitaminK": 7.3,
      "magnesium": 592,
      "calcium": 46,
      "phosphorus": 1233,
      "potassium": 809,
      "iron": 8.82,
      "selenium": 9.4,
      "zinc": 7.81,
      "manganese": 4.543,
      "copper": 1.343,
      "choline": 63,
      "volume": {
        "portionId": "cups",
        "weightInGrams": 129
      }
    },
    {
      "id": 1018,
      "name": "Chia Seeds",
      "categoryId": 1000,
      "energy": 486,
      "fat": 30.74,
      "saturatedFat": 3.33,
      "monounsaturatedFat": 2.309,
      "polyunsaturatedFat": 23.665,
      "carbs": 42.12,
      "sugar": 0,
      "fiber": 34.4,
      "protein": 16.54,
      "sodium": 16,
      "cholesterol": 0,
      "vitaminA": 0,
      "vitaminB1": 0.62,
      "vitaminB2": 0.17,
      "vitaminB3": 8.83,
      "vitaminB5": 0,
      "vitaminB6": 0,
      "vitaminB9": 49,
      "vitaminB12": 0,
      "vitaminC": 1.6,
      "vitaminD": 0,
      "vitaminE": 0.5,
      "vitaminK": 0,
      "magnesium": 335,
      "calcium": 631,
      "phosphorus": 860,
      "potassium": 407,
      "iron": 7.72,
      "selenium": 55.2,
      "zinc": 4.58,
      "manganese": 2.723,
      "copper": 0.924,
      "choline": 0
    },
    {
      "id": 1019,
      "name": "Coconut Meat",
      "categoryId": 1000,
      "energy": 354,
      "fat": 33.49,
      "saturatedFat": 29.698,
      "monounsaturatedFat": 1.425,
      "polyunsaturatedFat": 0.366,
      "carbs": 15.23,
      "sugar": 6.23,
      "fiber": 9,
      "protein": 3.33,
      "sodium": 20,
      "cholesterol": 0,
      "vitaminA": 0,
      "vitaminB1": 0.066,
      "vitaminB2": 0.02,
      "vitaminB3": 0.54,
      "vitaminB5": 0.3,
      "vitaminB6": 0.054,
      "vitaminB9": 26,
      "vitaminB12": 0,
      "vitaminC": 3.3,
      "vitaminD": 0,
      "vitaminE": 0.24,
      "vitaminK": 0.2,
      "magnesium": 32,
      "calcium": 14,
      "phosphorus": 113,
      "potassium": 356,
      "iron": 2.43,
      "selenium": 10.1,
      "zinc": 1.1,
      "manganese": 1.5,
      "copper": 0.435,
      "choline": 12.1,
      "volume": {
        "portionId": "cups",
        "weightInGrams": 80
      }
    },
    {
      "id": 1020,
      "name": "Tahini",
      "categoryId": 1000,
      "energy": 595,
      "fat": 53.76,
      "saturatedFat": 7.529,
      "monounsaturatedFat": 20.302,
      "polyunsaturatedFat": 23.564,
      "carbs": 21.19,
      "sugar": 0.49,
      "fiber": 9.3,
      "protein": 17,
      "sodium": 115,
      "cholesterol": 0,
      "vitaminA": 3,
      "vitaminB1": 1.22,
      "vitaminB2": 0.473,
      "vitaminB3": 5.45,
      "vitaminB5": 0.693,
      "vitaminB6": 0.149,
      "vitaminB9": 98,
      "vitaminB12": 0,
      "vitaminC": 0,
      "vitaminD": 0,
      "vitaminE": 0.25,
      "vitaminK": 0,
      "magnesium": 95,
      "calcium": 426,
      "phosphorus": 732,
      "potassium": 414,
      "iron": 8.95,
      "selenium": 34.4,
      "zinc": 4.62,
      "manganese": 1.456,
      "copper": 1.61,
      "choline": 25.8,
      "volume": {
        "portionId": "tablespoons",
        "weightInGrams": 15
      }
    },
    {
      "id": 1021,
      "name": "Sunflower Butter",
      "categoryId": 1000,
      "energy": 617,
      "fat": 55.2,
      "saturatedFat": 4.678,
      "monounsaturatedFat": 39.025,
      "polyunsaturatedFat": 9.805,
      "carbs": 23.32,
      "sugar": 10.54,
      "fiber": 5.7,
      "protein": 17.28,
      "sodium": 3,
      "cholesterol": 0, 
      "vitaminA": 0,
      "vitaminB1": 0.053,
      "vitaminB2": 0.163,
      "vitaminB3": 6.747,
      "vitaminB5": 1.167,
      "vitaminB6": 0.55,
      "vitaminB9": 237,
      "vitaminB12": 0,
      "vitaminC": 2.7,
      "vitaminD": 0,
      "vitaminE": 22.89,
      "vitaminK": 0,
      "magnesium": 311,
      "calcium": 64,
      "phosphorus": 666,
      "potassium": 576,
      "iron": 4.12,
      "selenium": 104.4,
      "zinc": 4.89,
      "manganese": 2.073,
      "copper": 1.597,
      "choline": 0,
      "volume": {
        "portionId": "tablespoons",
        "weightInGrams": 16
      }
    }
  ]