[
  {
    "id": 301,
    "name": "84% Lean Ground Pork",
    "categoryId": 300,
    "energy": 218,
    "fat": 16,
    "saturatedFat": 4.93,
    "monounsaturatedFat": 6.68,
    "polyunsaturatedFat": 2.05,
    "carbs": 0.44,
    "sugar": 0,
    "fiber": 0,
    "protein": 17.99,
    "sodium": 68,
    "cholesterol": 68,
    "vitaminA": 0,
    "vitaminB1": 0.332,
    "vitaminB2": 0.338,
    "vitaminB3": 6.416,
    "vitaminB5": 0.639,
    "vitaminB6": 0.551,
    "vitaminB9": 2,
    "vitaminB12": 0.73,
    "vitaminC": 0,
    "vitaminD": 0.4,
    "vitaminE": 0.45,
    "vitaminK": 0,
    "magnesium": 16,
    "calcium": 15,
    "phosphorus": 161,
    "potassium": 244,
    "iron": 0.88,
    "selenium": 30.2,
    "zinc": 1.91,
    "manganese": 0.01,
    "copper": 0.032,
    "choline": 61.5
  },
  {
    "id": 302,
    "name": "96% Lean Ground Pork",
    "categoryId": 300,
    "energy": 121,
    "fat": 4,
    "saturatedFat": 1.42,
    "monounsaturatedFat": 1.89,
    "polyunsaturatedFat": 0.66,
    "carbs": 0.21,
    "sugar": 0,
    "fiber": 0,
    "protein": 21.1,
    "sodium": 67,
    "cholesterol": 59,
    "vitaminA": 0,
    "vitaminB1": 0.414,
    "vitaminB2": 0.368,
    "vitaminB3": 7.914,
    "vitaminB5": 0.646,
    "vitaminB6": 0.668,
    "vitaminB9": 2,
    "vitaminB12": 0.64,
    "vitaminC": 0,
    "vitaminD": 0.1,
    "vitaminE": 0.29,
    "vitaminK": 0,
    "magnesium": 19,
    "calcium": 15,
    "phosphorus": 190,
    "potassium": 310,
    "iron": 0.86,
    "selenium": 34.8,
    "zinc": 1.93,
    "manganese": 0.01,
    "copper": 0.033,
    "choline": 71.7
  },
  {
    "id": 303,
    "name": "Pork Tenderloin (fat trimmed)",
    "categoryId": 300,
    "energy": 109,
    "fat": 2.17,
    "saturatedFat": 0.698,
    "monounsaturatedFat": 0.792,
    "polyunsaturatedFat": 0.367,
    "carbs": 0,
    "sugar": 0,
    "fiber": 0,
    "protein": 20.95,
    "sodium": 53,
    "cholesterol": 65,
    "vitaminA": 0,
    "vitaminB1": 0.998,
    "vitaminB2": 0.342,
    "vitaminB3": 6.684,
    "vitaminB5": 0.846,
    "vitaminB6": 0.777,
    "vitaminB9": 0,
    "vitaminB12": 0.51,
    "vitaminC": 0,
    "vitaminD": 0.2,
    "vitaminE": 0.22,
    "vitaminK": 0,
    "magnesium": 27,
    "calcium": 5,
    "phosphorus": 247,
    "potassium": 399,
    "iron": 0.98,
    "selenium": 30.8,
    "zinc": 1.89,
    "manganese": 0.015,
    "copper": 0.09,
    "choline": 80.8
  },
  {
    "id": 304,
    "name": "Canadian Bacon",
    "categoryId": 300,
    "energy": 110,
    "fat": 2.62,
    "saturatedFat": 0.9,
    "monounsaturatedFat": 1.09,
    "polyunsaturatedFat": 0.467,
    "carbs": 1.34,
    "sugar": 0.9,
    "fiber": 0,
    "protein": 20.31,
    "sodium": 751,
    "cholesterol": 48,
    "vitaminA": 0,
    "vitaminB1": 0.511,
    "vitaminB2": 0.141,
    "vitaminB3": 7.227,
    "vitaminB5": 0.61,
    "vitaminB6": 0.241,
    "vitaminB9": 4,
    "vitaminB12": 0.37,
    "vitaminC": 0,
    "vitaminD": 0.1,
    "vitaminE": 0.22,
    "vitaminK": 0,
    "magnesium": 20,
    "calcium": 6,
    "phosphorus": 240,
    "potassium": 683,
    "iron": 0.44,
    "selenium": 37.1,
    "zinc": 1.23,
    "manganese": 0.015,
    "copper": 0.053,
    "choline": 76.1
  },
  {
    "id": 305,
    "name": "Sliced Ham",
    "categoryId": 300,
    "energy": 107,
    "fat": 4.04,
    "saturatedFat": 1.227,
    "monounsaturatedFat": 1.618,
    "polyunsaturatedFat": 0.626,
    "carbs": 0.7,
    "sugar": 0,
    "fiber": 0,
    "protein": 16.85,
    "sodium": 945,
    "cholesterol": 41,
    "vitaminA": 0,
    "vitaminB1": 0.336,
    "vitaminB2": 0.266,
    "vitaminB3": 5.697,
    "vitaminB5": 0.697,
    "vitaminB6": 0.394,
    "vitaminB9": 0,
    "vitaminB12": 0.36,
    "vitaminC": 0,
    "vitaminD": 0.6,
    "vitaminE": 0.29,
    "vitaminK": 0,
    "magnesium": 19,
    "calcium": 5,
    "phosphorus": 252,
    "potassium": 463,
    "iron": 0.59,
    "selenium": 31.6,
    "zinc": 1.51,
    "manganese": 0.014,
    "copper": 0.05,
    "choline": 62.4
  },
  {
    "id": 306,
    "name": "Prosciutto",
    "categoryId": 300,
    "energy": 195,
    "fat": 8.32,
    "saturatedFat": 2.78,
    "monounsaturatedFat": 3.821,
    "polyunsaturatedFat": 0.97,
    "carbs": 0.3,
    "sugar": 0,
    "fiber": 0,
    "protein": 27.8,
    "sodium": 2695,
    "cholesterol": 70,
    "vitaminA": 0,
    "vitaminB1": 0.567,
    "vitaminB2": 0.242,
    "vitaminB3": 3.881,
    "vitaminB5": 0,
    "vitaminB6": 0.42,
    "vitaminB9": 5,
    "vitaminB12": 0.88,
    "vitaminC": 0,
    "vitaminD": 0.9,
    "vitaminE": 0.28,
    "vitaminK": 0,
    "magnesium": 25,
    "calcium": 10,
    "phosphorus": 318,
    "potassium": 510,
    "iron": 1.11,
    "selenium": 25.8,
    "zinc": 2.81,
    "manganese": 0,
    "copper": 0.108,
    "choline": 105.5
  }
]