[
    {
      "id": 4001,
      "name": "Sriracha",
      "categoryId": 4000,
      "energy": 93,
      "fat": 0.93,
      "saturatedFat": 0,
      "monounsaturatedFat": 0,
      "polyunsaturatedFat": 0,
      "carbs": 19.16,
      "sugar": 15.11,
      "fiber": 2.2,
      "protein": 1.93,
      "sodium": 2124,
      "cholesterol": 0,
      "vitaminA": 129,
      "vitaminB1": 0.077,
      "vitaminB2": 0.222,
      "vitaminB3": 1.248,
      "vitaminB5": 0.38,
      "vitaminB6": 0.455,
      "vitaminB9": 22,
      "vitaminB12": 0,
      "vitaminC": 26.9,
      "vitaminD": 0,
      "vitaminE": 4.8,
      "vitaminK": 10.9,
      "magnesium": 16,
      "calcium": 18,
      "phosphorus": 46,
      "potassium": 321,
      "iron": 1.64,
      "selenium": 0.4,
      "zinc": 0.24,
      "manganese": 0.146,
      "copper": 0.06,
      "choline": 0,
      "volume": {
        "portionId": "teaspoons",
        "weightInGrams": 6.5
      }
    },
    {
      "id": 4002,
      "name": "Salsa",
      "categoryId": 4000,
      "energy": 29,
      "fat": 0.17,
      "saturatedFat": 0.021,
      "monounsaturatedFat": 0.018,
      "polyunsaturatedFat": 0.078,
      "carbs": 6.64,
      "sugar": 4.01,
      "fiber": 1.9,
      "protein": 1.52,
      "sodium": 711,
      "cholesterol": 0,
      "vitaminA": 23,
      "vitaminB1": 0.033,
      "vitaminB2": 0.032,
      "vitaminB3": 1.091,
      "vitaminB5": 0.199,
      "vitaminB6": 0.172,
      "vitaminB9": 4,
      "vitaminB12": 0,
      "vitaminC": 1.9,
      "vitaminD": 0,
      "vitaminE": 1.28,
      "vitaminK": 4.3,
      "magnesium": 15,
      "calcium": 30,
      "phosphorus": 33,
      "potassium": 275,
      "iron": 0.42,
      "selenium": 0.9,
      "zinc": 0.18,
      "manganese": 0.112,
      "copper": 0.066,
      "choline": 12.8,
      "volume": {
        "portionId": "tablespoons",
        "weightInGrams": 36
      }
    },
    {
      "id": 4003,
      "name": "Teriyaki Sauce",
      "categoryId": 4000,
      "energy": 89,
      "fat": 0.02,
      "saturatedFat": 0,
      "monounsaturatedFat": 0,
      "polyunsaturatedFat": 0,
      "carbs": 15.58,
      "sugar": 14.1,
      "fiber": 0.1,
      "protein": 5.93,
      "sodium": 1778,
      "cholesterol": 0,
      "vitaminA": 0,
      "vitaminB1": 0.03,
      "vitaminB2": 0.07,
      "vitaminB3": 1.27,
      "vitaminB5": 0,
      "vitaminB6": 0.1,
      "vitaminB9": 8,
      "vitaminB12": 0,
      "vitaminC": 0,
      "vitaminD": 0,
      "vitaminE": 0,
      "vitaminK": 0,
      "magnesium": 61,
      "calcium": 25,
      "phosphorus": 154,
      "potassium": 225,
      "iron": 1.7,
      "selenium": 0.8,
      "zinc": 0.1,
      "manganese": 0,
      "copper": 0.1,
      "choline": 19.5,
      "volume": {
        "portionId": "tablespoons",
        "weightInGrams": 36
      }
    },
    {
      "id": 4004,
      "name": "Honey Dijon Mustard",
      "categoryId": 4000,
      "energy": 200,
      "fat": 0,
      "saturatedFat": 0,
      "monounsaturatedFat": 0,
      "polyunsaturatedFat": 0,
      "carbs": 20,
      "sugar": 20,
      "fiber": 0,
      "protein": 0,
      "sodium": 1300,
      "cholesterol": 0,
      "vitaminA": 0,
      "vitaminB1": 0,
      "vitaminB2": 0,
      "vitaminB3": 0,
      "vitaminB5": 0,
      "vitaminB6": 0,
      "vitaminB9": 0,
      "vitaminB12": 0,
      "vitaminC": 0,
      "vitaminD": 0,
      "vitaminE": 0,
      "vitaminK": 0,
      "magnesium": 0,
      "calcium": 0,
      "phosphorus": 0,
      "potassium": 0,
      "iron": 0,
      "selenium": 0,
      "zinc": 0,
      "manganese": 0,
      "copper": 0,
      "choline": 0
    },
    {
      "id": 4005,
      "name": "Coconut Aminos",
      "categoryId": 4000,
      "energy": 200,
      "fat": 0,
      "saturatedFat": 0,
      "monounsaturatedFat": 0,
      "polyunsaturatedFat": 0,
      "carbs": 46.67,
      "sugar": 40,
      "fiber": 0,
      "protein": 0,
      "sodium": 3200,
      "cholesterol": 0,
      "vitaminA": 0,
      "vitaminB1": 0,
      "vitaminB2": 0,
      "vitaminB3": 10,
      "vitaminB5": 0,
      "vitaminB6": 0,
      "vitaminB9": 0,
      "vitaminB12": 0,
      "vitaminC": 0,
      "vitaminD": 0,
      "vitaminE": 0,
      "vitaminK": 0,
      "magnesium": 0,
      "calcium": 0,
      "phosphorus": 0,
      "potassium": 0,
      "iron": 0,
      "selenium": 0,
      "zinc": 0,
      "manganese": 0,
      "copper": 0,
      "choline": 0
    },
    {
      "id": 4006,
      "name": "Barbecue Sauce",
      "categoryId": 4000,
      "energy": 172,
      "fat": 0.63,
      "saturatedFat": 0.045,
      "monounsaturatedFat": 0.082,
      "polyunsaturatedFat": 0.101,
      "carbs": 40.77,
      "sugar": 33.24,
      "fiber": 0.9,
      "protein": 0.82,
      "sodium": 1027,
      "cholesterol": 0,
      "vitaminA": 11,
      "vitaminB1": 0.023,
      "vitaminB2": 0.056,
      "vitaminB3": 0.597,
      "vitaminB5": 0,
      "vitaminB6": 0.075,
      "vitaminB9": 2,
      "vitaminB12": 0,
      "vitaminC": 0.6,
      "vitaminD": 0,
      "vitaminE": 0.8,
      "vitaminK": 1.8,
      "magnesium": 13,
      "calcium": 33,
      "phosphorus": 20,
      "potassium": 232,
      "iron": 0.64,
      "selenium": 1.3,
      "zinc": 0.17,
      "manganese": 0,
      "copper": 0.072,
      "choline": 7.1
    },
    {
      "id": 4007,
      "name": "Ketchup",
      "categoryId": 4000,
      "energy": 101,
      "fat": 0.1,
      "saturatedFat": 0.014,
      "monounsaturatedFat": 0.015,
      "polyunsaturatedFat": 0.041,
      "carbs": 27.4,
      "sugar": 21.27,
      "fiber": 0.3,
      "protein": 1.04,
      "sodium": 907,
      "cholesterol": 0,
      "vitaminA": 26,
      "vitaminB1": 0.011,
      "vitaminB2": 0.166,
      "vitaminB3": 1.434,
      "vitaminB5": 0,
      "vitaminB6": 0.158,
      "vitaminB9": 9,
      "vitaminB12": 0,
      "vitaminC": 4.1,
      "vitaminD": 0,
      "vitaminE": 1.46,
      "vitaminK": 3,
      "magnesium": 13,
      "calcium": 15,
      "phosphorus": 26,
      "potassium": 281,
      "iron": 0.35,
      "selenium": 0.7,
      "zinc": 0.17,
      "manganese": 0,
      "copper": 0.085,
      "choline": 12.5
    },
    {
      "id": 4008,
      "name": "A1 Steak Sauce",
      "categoryId": 4000,
      "energy": 95,
      "fat": 0.23,
      "saturatedFat": 0,
      "monounsaturatedFat": 0,
      "polyunsaturatedFat": 0,
      "carbs": 22.04,
      "sugar": 9.82,
      "fiber": 1.5,
      "protein": 1.25,
      "sodium": 1647,
      "cholesterol": 0,
      "vitaminA": 15,
      "vitaminB1": 0.034,
      "vitaminB2": 0.054,
      "vitaminB3": 0.913,
      "vitaminB5": 0,
      "vitaminB6": 0.105,
      "vitaminB9": 8,
      "vitaminB12": 0,
      "vitaminC": 6.8,
      "vitaminD": 0,
      "vitaminE": 1.16,
      "vitaminK": 2.2,
      "magnesium": 17,
      "calcium": 19,
      "phosphorus": 33,
      "potassium": 312,
      "iron": 1.37,
      "selenium": 0.8,
      "zinc": 0.34,
      "manganese": 0,
      "copper": 0.189,
      "choline": 11.5
    },
    {
      "id": 4009,
      "name": "Mustard",
      "categoryId": 4000,
      "energy": 61,
      "fat": 3.38,
      "saturatedFat": 0.252,
      "monounsaturatedFat": 2.59,
      "polyunsaturatedFat": 0.903,
      "carbs": 5.3,
      "sugar": 1.42,
      "fiber": 4.3,
      "protein": 4.25,
      "sodium": 1100,
      "cholesterol": 0,
      "vitaminA": 4,
      "vitaminB1": 0.189,
      "vitaminB2": 0.066,
      "vitaminB3": 0.561,
      "vitaminB5": 0,
      "vitaminB6": 0.069,
      "vitaminB9": 7,
      "vitaminB12": 0,
      "vitaminC": 0.4,
      "vitaminD": 0,
      "vitaminE": 0.35,
      "vitaminK": 1.5,
      "magnesium": 48,
      "calcium": 63,
      "phosphorus": 108,
      "potassium": 150,
      "iron": 1.59,
      "selenium": 34,
      "zinc": 0.64,
      "manganese": 0,
      "copper": 0.074,
      "choline": 22.4
    },
    {
      "id": 4010,
      "name": "Soy Sauce",
      "categoryId": 4000,
      "energy": 53,
      "fat": 0.57,
      "saturatedFat": 0.073,
      "monounsaturatedFat": 0.088,
      "polyunsaturatedFat": 0.263,
      "carbs": 4.93,
      "sugar": 0.4,
      "fiber": 0.8,
      "protein": 8.14,
      "sodium": 5493,
      "cholesterol": 0,
      "vitaminA": 0,
      "vitaminB1": 0.033,
      "vitaminB2": 0.165,
      "vitaminB3": 2.196,
      "vitaminB5": 0,
      "vitaminB6": 0.148,
      "vitaminB9": 14,
      "vitaminB12": 0,
      "vitaminC": 0,
      "vitaminD": 0,
      "vitaminE": 0,
      "vitaminK": 0,
      "magnesium": 74,
      "calcium": 33,
      "phosphorus": 166,
      "potassium": 435,
      "iron": 1.45,
      "selenium": 0.5,
      "zinc": 0.87,
      "manganese": 0,
      "copper": 0.043,
      "choline": 18.3
    },
    {
      "id": 4011,
      "name": "Worcestershire Sauce",
      "categoryId": 4000,
      "energy": 77,
      "fat": 0,
      "saturatedFat": 0,
      "monounsaturatedFat": 0,
      "polyunsaturatedFat": 0,
      "carbs": 19.17,
      "sugar": 10.03,
      "fiber": 0,
      "protein": 0,
      "sodium": 1300,
      "cholesterol": 0,
      "vitaminA": 5,
      "vitaminB1": 0.07,
      "vitaminB2": 0.13,
      "vitaminB3": 0.7,
      "vitaminB5": 0,
      "vitaminB6": 0,
      "vitaminB9": 8,
      "vitaminB12": 0,
      "vitaminC": 13,
      "vitaminD": 0,
      "vitaminE": 0.08,
      "vitaminK": 1,
      "magnesium": 13,
      "calcium": 107,
      "phosphorus": 60,
      "potassium": 800,
      "iron": 5.3,
      "selenium": 0.5,
      "zinc": 0.19,
      "manganese": 0,
      "copper": 0.2,
      "choline": 2.7
    },
    {
      "id": 4012,
      "name": "Hot Sauce",
      "categoryId": 4000,
      "energy": 12,
      "fat": 0.76,
      "saturatedFat": 0.106,
      "monounsaturatedFat": 0.061,
      "polyunsaturatedFat": 0.401,
      "carbs": 0.8,
      "sugar": 0.13,
      "fiber": 0.6,
      "protein": 1.29,
      "sodium": 633,
      "cholesterol": 0,
      "vitaminA": 82,
      "vitaminB1": 0.032,
      "vitaminB2": 0.084,
      "vitaminB3": 0.178,
      "vitaminB5": 0,
      "vitaminB6": 0.154,
      "vitaminB9": 1,
      "vitaminB12": 0,
      "vitaminC": 4.5,
      "vitaminD": 0,
      "vitaminE": 0.01,
      "vitaminK": 0.2,
      "magnesium": 12,
      "calcium": 12,
      "phosphorus": 23,
      "potassium": 128,
      "iron": 1.16,
      "selenium": 0.5,
      "zinc": 0.16,
      "manganese": 0,
      "copper": 0.075,
      "choline": 0
    },
    {
      "id": 4013,
      "name": "Fish Sauce",
      "categoryId": 4000,
      "energy": 35,
      "fat": 0.01,
      "saturatedFat": 0.003,
      "monounsaturatedFat": 0.002,
      "polyunsaturatedFat": 0.003,
      "carbs": 3.64,
      "sugar": 3.64,
      "fiber": 0,
      "protein": 5.06,
      "sodium": 7851,
      "cholesterol": 0,
      "vitaminA": 4,
      "vitaminB1": 0.012,
      "vitaminB2": 0.057,
      "vitaminB3": 2.313,
      "vitaminB5": 0.118,
      "vitaminB6": 0.396,
      "vitaminB9": 51,
      "vitaminB12": 0.48,
      "vitaminC": 0.5,
      "vitaminD": 0,
      "vitaminE": 0,
      "vitaminK": 0,
      "magnesium": 175,
      "calcium": 43,
      "phosphorus": 7,
      "potassium": 288,
      "iron": 0.78,
      "selenium": 9.1,
      "zinc": 0.2,
      "manganese": 0.233,
      "copper": 0.05,
      "choline": 13.2,
      "volume": {
        "portionId": "tablespoons",
        "weightInGrams": 18
      }
    },
    {
      "id": 4014,
      "name": "Pico de Gallo",
      "categoryId": 4000,
      "energy": 17,
      "fat": 0.14,
      "saturatedFat": 0.023,
      "monounsaturatedFat": 0.02,
      "polyunsaturatedFat": 0.057,
      "carbs": 3.7,
      "sugar": 2.13,
      "fiber": 1.1,
      "protein": 0.71,
      "sodium": 443,
      "cholesterol": 0,
      "vitaminA": 25,
      "vitaminB1": 0.028,
      "vitaminB2": 0.02,
      "vitaminB3": 0.407,
      "vitaminB5": 0,
      "vitaminB6": 0.091,
      "vitaminB9": 12,
      "vitaminB12": 0,
      "vitaminC": 10.8,
      "vitaminD": 0,
      "vitaminE": 0.32,
      "vitaminK": 6.9,
      "magnesium": 9,
      "calcium": 11,
      "phosphorus": 19,
      "potassium": 157,
      "iron": 0.23,
      "selenium": 0.1,
      "zinc": 0.13,
      "manganese": 0,
      "copper": 0.047,
      "choline": 4.7
    },
    {
      "id": 4015,
      "name": "Chicken Broth",
      "categoryId": 4000,
      "energy": 6,
      "fat": 0.21,
      "saturatedFat": 0.013,
      "monounsaturatedFat": 0.019,
      "polyunsaturatedFat": 0.009,
      "carbs": 0.44,
      "sugar": 0.43,
      "fiber": 0,
      "protein": 0.64,
      "sodium": 371,
      "cholesterol": 2,
      "vitaminA": 0,
      "vitaminB1": 0.021,
      "vitaminB2": 0.059,
      "vitaminB3": 0.219,
      "vitaminB5": 0,
      "vitaminB6": 0,
      "vitaminB9": 0,
      "vitaminB12": 0.02,
      "vitaminC": 0,
      "vitaminD": 0,
      "vitaminE": 0.04,
      "vitaminK": 0,
      "magnesium": 1,
      "calcium": 4,
      "phosphorus": 4,
      "potassium": 18,
      "iron": 0.07,
      "selenium": 0.4,
      "zinc": 0.07,
      "manganese": 0.015,
      "copper": 0.015,
      "choline": 1,
      "volume": {
        "portionId": "cups",
        "weightInGrams": 249
      }
    },
    {
      "id": 4016,
      "name": "Pizza Sauce",
      "categoryId": 4000,
      "energy": 54,
      "fat": 1.15,
      "saturatedFat": 0.46,
      "monounsaturatedFat": 0.461,
      "polyunsaturatedFat": 0.099,
      "carbs": 8.66,
      "sugar": 3.78,
      "fiber": 2,
      "protein": 2.18,
      "sodium": 348,
      "cholesterol": 0,
      "vitaminA": 0,
      "vitaminB1": 0.061,
      "vitaminB2": 0.053,
      "vitaminB3": 1.421,
      "vitaminB5": 0.374,
      "vitaminB6": 0.136,
      "vitaminB9": 10,
      "vitaminB12": 0.02,
      "vitaminC": 11.3,
      "vitaminD": 0,
      "vitaminE": 0,
      "vitaminK": 0,
      "magnesium": 21,
      "calcium": 54,
      "phosphorus": 50,
      "potassium": 354,
      "iron": 0.9,
      "selenium": 0,
      "zinc": 0.25,
      "manganese": 0.221,
      "copper": 0.137,
      "choline": 0,
      "volume": {
        "portionId": "cups",
        "weightInGrams": 63
      }
    },
    {
      "id": 4017,
      "name": "Pasta Sauce",
      "categoryId": 4000,
      "energy": 50,
      "fat": 1.61,
      "saturatedFat": 0.218,
      "monounsaturatedFat": 0.298,
      "polyunsaturatedFat": 0.673,
      "carbs": 7.43,
      "sugar": 4.91,
      "fiber": 1.8,
      "protein": 1.39,
      "sodium": 437,
      "cholesterol": 2,
      "vitaminA": 31,
      "vitaminB1": 0.024,
      "vitaminB2": 0.061,
      "vitaminB3": 3.917,
      "vitaminB5": 0.076,
      "vitaminB6": 0.173,
      "vitaminB9": 13,
      "vitaminB12": 0,
      "vitaminC": 2,
      "vitaminD": 0,
      "vitaminE": 2.4,
      "vitaminK": 13.9,
      "magnesium": 18,
      "calcium": 26,
      "phosphorus": 34,
      "potassium": 320,
      "iron": 0.73,
      "selenium": 1.4,
      "zinc": 0.2,
      "manganese": 0.127,
      "copper": 0.082,
      "choline": 13.7,
      "volume": {
        "portionId": "cups",
        "weightInGrams": 132
      }
    },
    {
      "id": 4018,
      "name": "Chicken Stock",
      "categoryId": 4000,
      "energy": 36,
      "fat": 1.2,
      "saturatedFat": 0.321,
      "monounsaturatedFat": 0.582,
      "polyunsaturatedFat": 0.213,
      "carbs": 3.53,
      "sugar": 1.58,
      "fiber": 0,
      "protein": 2.52,
      "sodium": 143,
      "cholesterol": 3,
      "vitaminA": 1,
      "vitaminB1": 0.035,
      "vitaminB2": 0.085,
      "vitaminB3": 1.584,
      "vitaminB5": 0,
      "vitaminB6": 0.061,
      "vitaminB9": 5,
      "vitaminB12": 0,
      "vitaminC": 0.2,
      "vitaminD": 0,
      "vitaminE": 0.03,
      "vitaminK": 0.2,
      "magnesium": 4,
      "calcium": 3,
      "phosphorus": 27,
      "potassium": 105,
      "iron": 0.21,
      "selenium": 2.2,
      "zinc": 0.14,
      "manganese": 0,
      "copper": 0.054,
      "choline": 9.2,
      "volume": {
        "portionId": "cups",
        "weightInGrams": 240
      }
    }
  ]