[
    {
      "id": 6001,
      "name": "Maple syrup",
      "categoryId": 6000,
      "energy": 260,
      "fat": 0.06,
      "saturatedFat": 0.007,
      "monounsaturatedFat": 0.011,
      "polyunsaturatedFat": 0.017,
      "carbs": 67.04,
      "sugar": 60.46,
      "fiber": 0,
      "protein": 0.04,
      "sodium": 12,
      "cholesterol": 0,
      "vitaminA": 0,
      "vitaminB1": 0.066,
      "vitaminB2": 1.27,
      "vitaminB3": 0.081,
      "vitaminB5": 0.036,
      "vitaminB6": 0.002,
      "vitaminB9": 0,
      "vitaminB12": 0,
      "vitaminC": 0,
      "vitaminD": 0,
      "vitaminE": 0,
      "vitaminK": 0,
      "magnesium": 21,
      "calcium": 102,
      "phosphorus": 2,
      "potassium": 212,
      "iron": 0.11,
      "selenium": 0.6,
      "zinc": 1.47,
      "manganese": 2.908,
      "copper": 0.018,
      "choline": 1.6,
      "volume": {
        "portionId": "tablespoons",
        "weightInGrams": 20
      }
    },
    {
      "id": 6002,
      "name": "Sugar",
      "categoryId": 6000,
      "energy": 387,
      "fat": 0,
      "saturatedFat": 0,
      "monounsaturatedFat": 0,
      "polyunsaturatedFat": 0,
      "carbs": 99.98,
      "sugar": 99.8,
      "fiber": 0,
      "protein": 0,
      "sodium": 1,
      "cholesterol": 0,
      "vitaminA": 0,
      "vitaminB1": 0,
      "vitaminB2": 0.019,
      "vitaminB3": 0,
      "vitaminB5": 0,
      "vitaminB6": 0,
      "vitaminB9": 0,
      "vitaminB12": 0,
      "vitaminC": 0,
      "vitaminD": 0,
      "vitaminE": 0,
      "vitaminK": 0,
      "magnesium": 0,
      "calcium": 1,
      "phosphorus": 0,
      "potassium": 2,
      "iron": 0.05,
      "selenium": 0.6,
      "zinc": 0.01,
      "manganese": 0.004,
      "copper": 0.007,
      "choline": 0,
      "volume": {
        "portionId": "cups",
        "weightInGrams": 200
      }
    },
    {
      "id": 6003,
      "name": "Brown sugar",
      "categoryId": 6000,
      "energy": 380,
      "fat": 0,
      "saturatedFat": 0,
      "monounsaturatedFat": 0,
      "polyunsaturatedFat": 0,
      "carbs": 98.09,
      "sugar": 97.02,
      "fiber": 0,
      "protein": 0.12,
      "sodium": 28,
      "cholesterol": 0,
      "vitaminA": 0,
      "vitaminB1": 0,
      "vitaminB2": 0,
      "vitaminB3": 0.11,
      "vitaminB5": 0.132,
      "vitaminB6": 0.041,
      "vitaminB9": 1,
      "vitaminB12": 0,
      "vitaminC": 0,
      "vitaminD": 0,
      "vitaminE": 0,
      "vitaminK": 0,
      "magnesium": 9,
      "calcium": 83,
      "phosphorus": 4,
      "potassium": 133,
      "iron": 0.71,
      "selenium": 1.2,
      "zinc": 0.03,
      "manganese": 0.064,
      "copper": 0.047,
      "choline": 2.3,
      "volume": {
        "portionId": "cups",
        "weightInGrams": 220
      }
    },
    {
      "id": 6004,
      "name": "Chocolate Chips Cookies",
      "categoryId": 6000,
      "energy": 492,
      "fat": 24.72,
      "saturatedFat": 8.091,
      "monounsaturatedFat": 6.272,
      "polyunsaturatedFat": 8.417,
      "carbs": 65.36,
      "sugar": 32.9,
      "fiber": 2,
      "protein": 5.1,
      "sodium": 311,
      "cholesterol": 0,
      "vitaminA": 0,
      "vitaminB1": 0.292,
      "vitaminB2": 0.297,
      "vitaminB3": 2.665,
      "vitaminB5": 0,
      "vitaminB6": 0.058,
      "vitaminB9": 72,
      "vitaminB12": 0.03,
      "vitaminC": 0,
      "vitaminD": 0,
      "vitaminE": 2.01,
      "vitaminK": 33.7,
      "magnesium": 41,
      "calcium": 21,
      "phosphorus": 109,
      "potassium": 171,
      "iron": 5.58,
      "selenium": 3.9,
      "zinc": 0.72,
      "manganese": 0.62,
      "copper": 0.323,
      "choline": 10.5
    },
    {
      "id": 6005,
      "name": "Agave Syrup",
      "categoryId": 6000,
      "energy": 310,
      "fat": 0.45,
      "saturatedFat": 0,
      "monounsaturatedFat": 0,
      "polyunsaturatedFat": 0,
      "carbs": 76.37,
      "sugar": 68.03,
      "fiber": 0.2,
      "protein": 0.09,
      "sodium": 4,
      "cholesterol": 0,
      "vitaminA": 8,
      "vitaminB1": 0.122,
      "vitaminB2": 0.165,
      "vitaminB3": 0.689,
      "vitaminB5": 0,
      "vitaminB6": 0.234,
      "vitaminB9": 30,
      "vitaminB12": 0,
      "vitaminC": 17,
      "vitaminD": 0,
      "vitaminE": 0.98,
      "vitaminK": 22.5,
      "magnesium": 1,
      "calcium": 1,
      "phosphorus": 1,
      "potassium": 4,
      "iron": 0.09,
      "selenium": 1.7,
      "zinc": 0.01,
      "manganese": 0.005,
      "copper": 0.009,
      "choline": 13.3,
      "volume": {
        "portionId": "teaspoons",
        "weightInGrams": 6.9
      }
    },
    {
      "id": 6006,
      "name": "Honey",
      "categoryId": 6000,
      "energy": 304,
      "fat": 0,
      "saturatedFat": 0,
      "monounsaturatedFat": 0,
      "polyunsaturatedFat": 0,
      "carbs": 82.4,
      "sugar": 82.12,
      "fiber": 0.2,
      "protein": 0.3,
      "sodium": 4,
      "cholesterol": 0,
      "vitaminA": 0,
      "vitaminB1": 0,
      "vitaminB2": 0.038,
      "vitaminB3": 0.121,
      "vitaminB5": 0.068,
      "vitaminB6": 0.024,
      "vitaminB9": 2,
      "vitaminB12": 0,
      "vitaminC": 0.5,
      "vitaminD": 0,
      "vitaminE": 0,
      "vitaminK": 0,
      "magnesium": 2,
      "calcium": 6,
      "phosphorus": 4,
      "potassium": 52,
      "iron": 0.42,
      "selenium": 0.8,
      "zinc": 0.22,
      "manganese": 0.08,
      "copper": 0.036,
      "choline": 2.2,
      "volume": {
        "portionId": "cups",
        "weightInGrams": 339
      }
    },
    {
      "id": 6007,
      "name": "Pancake Syrup",
      "categoryId": 6000,
      "energy": 234,
      "fat": 0,
      "saturatedFat": 0,
      "monounsaturatedFat": 0,
      "polyunsaturatedFat": 0,
      "carbs": 61.47,
      "sugar": 21.47,
      "fiber": 0,
      "protein": 0,
      "sodium": 82,
      "cholesterol": 0,
      "vitaminA": 0,
      "vitaminB1": 0.024,
      "vitaminB2": 0.008,
      "vitaminB3": 0,
      "vitaminB5": 0.004,
      "vitaminB6": 0,
      "vitaminB9": 0,
      "vitaminB12": 0,
      "vitaminC": 0,
      "vitaminD": 0,
      "vitaminE": 0,
      "vitaminK": 0,
      "magnesium": 2,
      "calcium": 3,
      "phosphorus": 9,
      "potassium": 15,
      "iron": 0.03,
      "selenium": 0,
      "zinc": 0.08,
      "manganese": 0.068,
      "copper": 0,
      "choline": 0,
      "volume": {
        "portionId": "tablespoons",
        "weightInGrams": 20
      }
    },
    {
      "id": 6008,
      "name": "Reduced Calorie Pancake Syrup",
      "categoryId": 6000,
      "energy": 165,
      "fat": 0,
      "saturatedFat": 0,
      "monounsaturatedFat": 0,
      "polyunsaturatedFat": 0,
      "carbs": 44.55,
      "sugar": 32.8,
      "fiber": 0,
      "protein": 0,
      "sodium": 178,
      "cholesterol": 0,
      "vitaminA": 0,
      "vitaminB1": 0.025,
      "vitaminB2": 0.003,
      "vitaminB3": 0.004,
      "vitaminB5": 0.005,
      "vitaminB6": 0.003,
      "vitaminB9": 0,
      "vitaminB12": 0,
      "vitaminC": 0,
      "vitaminD": 0,
      "vitaminE": 0,
      "vitaminK": 0,
      "magnesium": 2,
      "calcium": 10,
      "phosphorus": 43,
      "potassium": 3,
      "iron": 0.03,
      "selenium": 0.5,
      "zinc": 0.2,
      "manganese": 0.022,
      "copper": 0.018,
      "choline": 0.1,
      "volume": {
        "portionId": "cups",
        "weightInGrams": 240
      }
    },
    {
      "id": 6009,
      "name": "Jam",
      "categoryId": 6000,
      "energy": 278,
      "fat": 0.07,
      "saturatedFat": 0.01,
      "monounsaturatedFat": 0.038,
      "polyunsaturatedFat": 0,
      "carbs": 68.86,
      "sugar": 48.5,
      "fiber": 1.1,
      "protein": 0.37,
      "sodium": 32,
      "cholesterol": 0,
      "vitaminA": 0,
      "vitaminB1": 0.016,
      "vitaminB2": 0.076,
      "vitaminB3": 0.036,
      "vitaminB5": 0.02,
      "vitaminB6": 0.02,
      "vitaminB9": 11,
      "vitaminB12": 0,
      "vitaminC": 8.8,
      "vitaminD": 0,
      "vitaminE": 0.12,
      "vitaminK": 0,
      "magnesium": 4,
      "calcium": 20,
      "phosphorus": 19,
      "potassium": 77,
      "iron": 0.49,
      "selenium": 2,
      "zinc": 0.06,
      "manganese": 0.04,
      "copper": 0.1,
      "choline": 10.2,
      "volume": {
        "portionId": "tablespoons",
        "weightInGrams": 20
      }
    },
    {
      "id": 6010,
      "name": "Dark Chocolate (45-59%)",
      "categoryId": 6000,
      "energy": 546,
      "fat": 31.28,
      "saturatedFat": 18.519,
      "monounsaturatedFat": 9.54,
      "polyunsaturatedFat": 1.092,
      "carbs": 61.17,
      "sugar": 47.9,
      "fiber": 7,
      "protein": 4.88,
      "sodium": 24,
      "cholesterol": 8,
      "vitaminA": 2,
      "vitaminB1": 0.025,
      "vitaminB2": 0.05,
      "vitaminB3": 0.725,
      "vitaminB5": 0.297,
      "vitaminB6": 0.042,
      "vitaminB9": 0,
      "vitaminB12": 0.23,
      "vitaminC": 0,
      "vitaminD": 0,
      "vitaminE": 0.54,
      "vitaminK": 8.1,
      "magnesium": 146,
      "calcium": 56,
      "phosphorus": 206,
      "potassium": 559,
      "iron": 8.02,
      "selenium": 3,
      "zinc": 2.01,
      "manganese": 1.419,
      "copper": 1.028,
      "choline": 0
    },
    {
      "id": 6011,
      "name": "Dark Chocolate (60-69%)",
      "categoryId": 6000,
      "energy": 579,
      "fat": 38.31,
      "saturatedFat": 22.031,
      "monounsaturatedFat": 11.522,
      "polyunsaturatedFat": 1.221,
      "carbs": 52.42,
      "sugar": 36.71,
      "fiber": 8,
      "protein": 6.12,
      "sodium": 10,
      "cholesterol": 6,
      "vitaminA": 3,
      "vitaminB1": 0.032,
      "vitaminB2": 0.049,
      "vitaminB3": 0.838,
      "vitaminB5": 0.3,
      "vitaminB6": 0.034,
      "vitaminB9": 0,
      "vitaminB12": 0.18,
      "vitaminC": 0,
      "vitaminD": 0,
      "vitaminE": 0.59,
      "vitaminK": 7.2,
      "magnesium": 176,
      "calcium": 62,
      "phosphorus": 260,
      "potassium": 567,
      "iron": 6.32,
      "selenium": 8.4,
      "zinc": 2.65,
      "manganese": 1.325,
      "copper": 1.248,
      "choline": 0
    },
    {
      "id": 6012,
      "name": "Dark Chocolate (70-85%)",
      "categoryId": 6000,
      "energy": 598,
      "fat": 42.63,
      "saturatedFat": 24.489,
      "monounsaturatedFat": 12.781,
      "polyunsaturatedFat": 1.257,
      "carbs": 45.9,
      "sugar": 23.99,
      "fiber": 10.9,
      "protein": 7.79,
      "sodium": 20,
      "cholesterol": 3,
      "vitaminA": 2,
      "vitaminB1": 0.034,
      "vitaminB2": 0.078,
      "vitaminB3": 1.054,
      "vitaminB5": 0.418,
      "vitaminB6": 0.038,
      "vitaminB9": 0,
      "vitaminB12": 0.28,
      "vitaminC": 0,
      "vitaminD": 0,
      "vitaminE": 0.59,
      "vitaminK": 7.3,
      "magnesium": 228,
      "calcium": 73,
      "phosphorus": 308,
      "potassium": 715,
      "iron": 11.9,
      "selenium": 6.8,
      "zinc": 3.31,
      "manganese": 1.948,
      "copper": 1.766,
      "choline": 0
    },
    {
      "id": 6013,
      "name": "Unsweetened Cocoa Powder",
      "categoryId": 6000,
      "energy": 228,
      "fat": 13.7,
      "saturatedFat": 8.07,
      "monounsaturatedFat": 4.57,
      "polyunsaturatedFat": 0.44,
      "carbs": 57.9,
      "sugar": 1.75,
      "fiber": 37,
      "protein": 19.6,
      "sodium": 21,
      "cholesterol": 0,
      "vitaminA": 0,
      "vitaminB1": 0.078,
      "vitaminB2": 0.241,
      "vitaminB3": 2.185,
      "vitaminB5": 0.254,
      "vitaminB6": 0.118,
      "vitaminB9": 32,
      "vitaminB12": 0,
      "vitaminC": 0,
      "vitaminD": 0,
      "vitaminE": 0.1,
      "vitaminK": 2.5,
      "magnesium": 499,
      "calcium": 128,
      "phosphorus": 734,
      "potassium": 1524,
      "iron": 13.86,
      "selenium": 14.3,
      "zinc": 6.81,
      "manganese": 3.837,
      "copper": 3.788,
      "choline": 12,
      "volume": {
        "portionId": "tablespoons",
        "weightInGrams": 5.4
      }
    },
    {
      "id": 6014,
      "name": "Marshmallows",
      "categoryId": 6000,
      "energy": 318,
      "fat": 0.2,
      "saturatedFat": 0.056,
      "monounsaturatedFat": 0.08,
      "polyunsaturatedFat": 0.047,
      "carbs": 81.3,
      "sugar": 57.56,
      "fiber": 0.1,
      "protein": 1.8,
      "sodium": 80,
      "cholesterol": 0,
      "vitaminA": 0,
      "vitaminB1": 0.001,
      "vitaminB2": 0.001,
      "vitaminB3": 0.078,
      "vitaminB5": 0.005,
      "vitaminB6": 0.003,
      "vitaminB9": 1,
      "vitaminB12": 0,
      "vitaminC": 0,
      "vitaminD": 0,
      "vitaminE": 0,
      "vitaminK": 0,
      "magnesium": 2,
      "calcium": 3,
      "phosphorus": 8,
      "potassium": 5,
      "iron": 0.23,
      "selenium": 1.7,
      "zinc": 0.04,
      "manganese": 0.008,
      "copper": 0.097,
      "choline": 0.1,
      "volume": {
        "portionId": "cups",
        "weightInGrams": 50
      }
    },
    {
      "id": 6015,
      "name": "Chocolate Ice Cream",
      "categoryId": 6000,
      "energy": 216,
      "fat": 11,
      "saturatedFat": 6.8,
      "monounsaturatedFat": 3.21,
      "polyunsaturatedFat": 0.41,
      "carbs": 28.2,
      "sugar": 25.36,
      "fiber": 1.2,
      "protein": 3.8,
      "sodium": 76,
      "cholesterol": 34,
      "vitaminA": 118,
      "vitaminB1": 0.042,
      "vitaminB2": 0.194,
      "vitaminB3": 0.226,
      "vitaminB5": 0,
      "vitaminB6": 0.055,
      "vitaminB9": 16,
      "vitaminB12": 0.29,
      "vitaminC": 0.7,
      "vitaminD": 0.2,
      "vitaminE": 0.3,
      "vitaminK": 0.3,
      "magnesium": 29,
      "calcium": 109,
      "phosphorus": 107,
      "potassium": 249,
      "iron": 0.93,
      "selenium": 2.5,
      "zinc": 0.58,
      "manganese": 0,
      "copper": 0.135,
      "choline": 22.5
    },
    {
      "id": 6016,
      "name": "Vanilla Ice Cream",
      "categoryId": 6000,
      "energy": 207,
      "fat": 11,
      "saturatedFat": 6.79,
      "monounsaturatedFat": 2.969,
      "polyunsaturatedFat": 0.452,
      "carbs": 23.6,
      "sugar": 21.22,
      "fiber": 0.7,
      "protein": 3.5,
      "sodium": 80,
      "cholesterol": 44,
      "vitaminA": 118,
      "vitaminB1": 0.041,
      "vitaminB2": 0.24,
      "vitaminB3": 0.116,
      "vitaminB5": 0,
      "vitaminB6": 0.048,
      "vitaminB9": 5,
      "vitaminB12": 0.39,
      "vitaminC": 0.6,
      "vitaminD": 0.2,
      "vitaminE": 0.3,
      "vitaminK": 0.3,
      "magnesium": 14,
      "calcium": 128,
      "phosphorus": 105,
      "potassium": 199,
      "iron": 0.09,
      "selenium": 1.8,
      "zinc": 0.69,
      "manganese": 0,
      "copper": 0.023,
      "choline": 26
    },
    {
      "id": 6017,
      "name": "Rice Cakes",
      "categoryId": 6000,
      "energy": 392,
      "fat": 4.3,
      "saturatedFat": 0.875,
      "monounsaturatedFat": 1.582,
      "polyunsaturatedFat": 1.52,
      "carbs": 81.1,
      "sugar": 0.88,
      "fiber": 4.2,
      "protein": 7.1,
      "sodium": 71,
      "cholesterol": 0,
      "vitaminA": 0,
      "vitaminB1": 0.06,
      "vitaminB2": 0.16,
      "vitaminB3": 7.81,
      "vitaminB5": 0,
      "vitaminB6": 0.15,
      "vitaminB9": 21,
      "vitaminB12": 0,
      "vitaminC": 0,
      "vitaminD": 0,
      "vitaminE": 1.24,
      "vitaminK": 1.9,
      "magnesium": 131,
      "calcium": 11,
      "phosphorus": 360,
      "potassium": 428,
      "iron": 1.49,
      "selenium": 24.6,
      "zinc": 3,
      "manganese": 0,
      "copper": 0.445,
      "choline": 18.9
    },
    {
      "id": 6018,
      "name": "Tortilla Chips",
      "categoryId": 6000,
      "energy": 497,
      "fat": 22.33,
      "saturatedFat": 2.776,
      "monounsaturatedFat": 8.584,
      "polyunsaturatedFat": 9.179,
      "carbs": 67.38,
      "sugar": 1.21,
      "fiber": 4.7,
      "protein": 6.62,
      "sodium": 310,
      "cholesterol": 0,
      "vitaminA": 8,
      "vitaminB1": 0.13,
      "vitaminB2": 0.043,
      "vitaminB3": 1.498,
      "vitaminB5": 0.411,
      "vitaminB6": 0.202,
      "vitaminB9": 22,
      "vitaminB12": 0,
      "vitaminC": 0,
      "vitaminD": 0,
      "vitaminE": 2.97,
      "vitaminK": 0.6,
      "magnesium": 84,
      "calcium": 104,
      "phosphorus": 234,
      "potassium": 206,
      "iron": 1.32,
      "selenium": 8.4,
      "zinc": 1.46,
      "manganese": 0.357,
      "copper": 0.105,
      "choline": 19.1
    },
    {
      "id": 6019,
      "name": "Air-popped Popcorn",
      "categoryId": 6000,
      "energy": 387,
      "fat": 4.54,
      "saturatedFat": 0.637,
      "monounsaturatedFat": 0.95,
      "polyunsaturatedFat": 2.318,
      "carbs": 77.78,
      "sugar": 0.87,
      "fiber": 14.5,
      "protein": 12.94,
      "sodium": 8,
      "cholesterol": 0,
      "vitaminA": 10,
      "vitaminB1": 0.104,
      "vitaminB2": 0.083,
      "vitaminB3": 2.308,
      "vitaminB5": 0.51,
      "vitaminB6": 0.157,
      "vitaminB9": 31,
      "vitaminB12": 0,
      "vitaminC": 0,
      "vitaminD": 0,
      "vitaminE": 0.29,
      "vitaminK": 1.2,
      "magnesium": 144,
      "calcium": 7,
      "phosphorus": 358,
      "potassium": 329,
      "iron": 3.19,
      "selenium": 0,
      "zinc": 3.08,
      "manganese": 1.113,
      "copper": 0.262,
      "choline": 21.2,
      "volume": {
        "portionId": "cups",
        "weightInGrams": 8
      }
    },
    {
      "id": 6020,
      "name": "Pork Rinds",
      "categoryId": 6000,
      "energy": 544,
      "fat": 31.3,
      "saturatedFat": 11.37,
      "monounsaturatedFat": 14.78,
      "polyunsaturatedFat": 3.64,
      "carbs": 0,
      "sugar": 0,
      "fiber": 0,
      "protein": 61.3,
      "sodium": 1818,
      "cholesterol": 95,
      "vitaminA": 12,
      "vitaminB1": 0.099,
      "vitaminB2": 0.283,
      "vitaminB3": 1.549,
      "vitaminB5": 0,
      "vitaminB6": 0.023,
      "vitaminB9": 0,
      "vitaminB12": 0.64,
      "vitaminC": 0.5,
      "vitaminD": 0,
      "vitaminE": 0.53,
      "vitaminK": 0,
      "magnesium": 11,
      "calcium": 30,
      "phosphorus": 85,
      "potassium": 127,
      "iron": 0.88,
      "selenium": 41,
      "zinc": 0.56,
      "manganese": 0,
      "copper": 0.094,
      "choline": 164.5
    },
    {
      "id": 6021,
      "name": "Sugar Free Chocolate Syrup",
      "categoryId": 6000,
      "energy": 43,
      "fat": 2.03,
      "saturatedFat": 0.746,
      "monounsaturatedFat": 0.428,
      "polyunsaturatedFat": 0.041,
      "carbs": 14.2,
      "sugar": 0.27,
      "fiber": 2.9,
      "protein": 2.87,
      "sodium": 343,
      "cholesterol": 0,
      "vitaminA": 0,
      "vitaminB1": 0.017,
      "vitaminB2": 0.071,
      "vitaminB3": 0.371,
      "vitaminB5": 0.039,
      "vitaminB6": 0.018,
      "vitaminB9": 5,
      "vitaminB12": 0,
      "vitaminC": 0,
      "vitaminD": 0,
      "vitaminE": 0.02,
      "vitaminK": 0.4,
      "magnesium": 74,
      "calcium": 0,
      "phosphorus": 113,
      "potassium": 388,
      "iron": 2.06,
      "selenium": 2,
      "zinc": 0.99,
      "manganese": 0.579,
      "copper": 0.565,
      "choline": 1.8,
      "volume": {
        "portionId": "tablespoons",
        "weightInGrams": 35
      }
    },
    {
      "id": 6022,
      "name": "Sugar Free Chocolate Chips",
      "categoryId": 6000,
      "energy": 450,
      "fat": 16.8,
      "saturatedFat": 4.183,
      "monounsaturatedFat": 6.73,
      "polyunsaturatedFat": 5.035,
      "carbs": 73.4,
      "sugar": 39.81,
      "fiber": 1.6,
      "protein": 3.9,
      "sodium": 244,
      "cholesterol": 0,
      "vitaminA": 1,
      "vitaminB1": 0.373,
      "vitaminB2": 0.188,
      "vitaminB3": 2.843,
      "vitaminB5": 0,
      "vitaminB6": 0.018,
      "vitaminB9": 54,
      "vitaminB12": 0,
      "vitaminC": 0,
      "vitaminD": 0,
      "vitaminE": 1.06,
      "vitaminK": 4,
      "magnesium": 21,
      "calcium": 46,
      "phosphorus": 109,
      "potassium": 199,
      "iron": 3.5,
      "selenium": 2.6,
      "zinc": 0.47,
      "manganese": 0,
      "copper": 0.218,
      "choline": 6.7
    },
    {
      "id": 6023,
      "name": "Sugar Free Syrup",
      "categoryId": 6000,
      "energy": 51,
      "fat": 0,
      "saturatedFat": 0,
      "monounsaturatedFat": 0,
      "polyunsaturatedFat": 0,
      "carbs": 11.99,
      "sugar": 0.01,
      "fiber": 0.7,
      "protein": 0.8,
      "sodium": 210,
      "cholesterol": 0,
      "vitaminA": 0,
      "vitaminB1": 0,
      "vitaminB2": 0,
      "vitaminB3": 0,
      "vitaminB5": 0.002,
      "vitaminB6": 0,
      "vitaminB9": 0,
      "vitaminB12": 0,
      "vitaminC": 0,
      "vitaminD": 0,
      "vitaminE": 0,
      "vitaminK": 0,
      "magnesium": 0,
      "calcium": 0,
      "phosphorus": 0,
      "potassium": 0,
      "iron": 0,
      "selenium": 0.5,
      "zinc": 0,
      "manganese": 0,
      "copper": 0,
      "choline": 0,
      "volume": {
        "portionId": "tablespoons",
        "weightInGrams": 15
      }
    },
    {
      "id": 6024,
      "name": "Guar Gum",
      "categoryId": 6000,
      "energy": 332,
      "fat": 0.5,
      "saturatedFat": 0.06,
      "monounsaturatedFat": 0.22,
      "polyunsaturatedFat": 0.07,
      "carbs": 77.3,
      "sugar": 0,
      "fiber": 77.3,
      "protein": 4.6,
      "sodium": 125,
      "cholesterol": 0,
      "vitaminA": 0,
      "vitaminB1": 0,
      "vitaminB2": 0,
      "vitaminB3": 0,
      "vitaminB5": 0,
      "vitaminB6": 0,
      "vitaminB9": 0,
      "vitaminB12": 0,
      "vitaminC": 0,
      "vitaminD": 0,
      "vitaminE": 0,
      "vitaminK": 0,
      "magnesium": 0,
      "calcium": 294,
      "phosphorus": 0,
      "potassium": 0,
      "iron": 0,
      "selenium": 0,
      "zinc": 0,
      "manganese": 0,
      "copper": 0,
      "choline": 0
    }
  ]